iso3,iso2,m49,name,alt,region,sub,un_name,landlocked,island,med,equator,china,russia,left,euro
AFG,AF,004,Afghanistan,,Asia,Southern Asia,Afghanistan,1,0,0,0,1,0,0,0
AGO,AO,024,Angola,,Africa,Middle Africa,Angola,0,0,0,0,0,0,0,0
ALB,AL,008,Albania,,Europe,Southern Europe,Albania,0,0,1,0,0,0,0,0
AND,AD,020,Andorra,,Europe,Southern Europe,Andorra,1,0,0,0,0,0,0,1
ARE,AE,784,United Arab Emirates,,Asia,Western Asia,United Arab Emirates,0,0,0,0,0,0,0,0
ARG,AR,032,Argentina,,Americas,South America,Argentina,0,0,0,0,0,0,0,0
ARM,AM,051,Armenia,,Asia,Western Asia,Armenia,1,0,0,0,0,0,0,0
ATG,AG,028,Antigua and Barbuda,,Americas,Caribbean,Antigua and Barbuda,0,1,0,0,0,0,1,0
AUS,AU,036,Australia,,Oceania,Australia and New Zealand,Australia,0,0,0,0,0,0,1,0
AUT,AT,040,Austria,,Europe,Western Europe,Austria,1,0,0,0,0,0,0,1
AZE,AZ,031,Azerbaijan,,Asia,Western Asia,Azerbaijan,1,0,0,0,0,1,0,0
BDI,BI,108,Burundi,,Africa,Eastern Africa,Burundi,1,0,0,0,0,0,0,0
BEL,BE,056,Belgium,,Europe,Western Europe,Belgium,0,0,0,0,0,0,0,1
BEN,BJ,204,Benin,,Africa,Western Africa,Benin,0,0,0,0,0,0,0,0
BFA,BF,854,Burkina Faso,,Africa,Western Africa,Burkina Faso,1,0,0,0,0,0,0,0
BGD,BD,050,Bangladesh,,Asia,Southern Asia,Bangladesh,0,0,0,0,0,0,1,0
BGR,BG,100,Bulgaria,,Europe,Eastern Europe,Bulgaria,0,0,0,0,0,0,0,1
BHR,BH,048,Bahrain,,Asia,Western Asia,Bahrain,0,1,0,0,0,0,0,0
BHS,BS,044,Bahamas,,Americas,Caribbean,Bahamas,0,1,0,0,0,0,1,0
BIH,BA,070,Bosnia and Herzegovina,,Europe,Southern Europe,Bosnia and Herzegovina,0,0,1,0,0,0,0,0
BLR,BY,112,Belarus,,Europe,Eastern Europe,Belarus,1,0,0,0,0,1,0,0
BLZ,BZ,084,Belize,,Americas,Central America,Belize,0,0,0,0,0,0,0,0
BOL,BO,068,Bolivia,,Americas,South America,Bolivia (Plurinational State of),1,0,0,0,0,0,0,0
BRA,BR,076,Brazil,,Americas,South America,Brazil,0,0,0,1,0,0,0,0
BRB,BB,052,Barbados,,Americas,Caribbean,Barbados,0,1,0,0,0,0,1,0
BRN,BN,096,Brunei,,Asia,South-eastern Asia,Brunei Darussalam,0,1,0,0,0,0,1,0
BTN,BT,064,Bhutan,,Asia,Southern Asia,Bhutan,1,0,0,0,1,0,1,0
BWA,BW,072,Botswana,,Africa,Southern Africa,Botswana,1,0,0,0,0,0,1,0
CAF,CF,140,Central African Republic,,Africa,Middle Africa,Central African Republic,1,0,0,0,0,0,0,0
CAN,CA,124,Canada,,Americas,Northern America,Canada,0,0,0,0,0,0,0,0
CHE,CH,756,Switzerland,,Europe,Western Europe,Switzerland,1,0,0,0,0,0,0,0
CHL,CL,152,Chile,,Americas,South America,Chile,0,0,0,0,0,0,0,0
CHN,CN,156,China,,Asia,Eastern Asia,China,0,0,0,0,0,1,0,0
CIV,CI,384,Côte d'Ivoire,Ivory Coast,Africa,Western Africa,Côte d'Ivoire,0,0,0,0,0,0,0,0
CMR,CM,120,Cameroon,,Africa,Middle Africa,Cameroon,0,0,0,0,0,0,0,0
COD,CD,180,DR Congo,Democratic Republic of the Congo,Africa,Middle Africa,Democratic Republic of the Congo,0,0,0,1,0,0,0,0
COG,CG,178,Congo,Republic of the Congo,Africa,Middle Africa,Congo,0,0,0,1,0,0,0,0
COL,CO,170,Colombia,,Americas,South America,Colombia,0,0,0,1,0,0,0,0
COM,KM,174,Comoros,,Africa,Eastern Africa,Comoros,0,1,0,0,0,0,0,0
CPV,CV,132,Cabo Verde,Cape Verde,Africa,Western Africa,Cabo Verde,0,1,0,0,0,0,0,0
CRI,CR,188,Costa Rica,,Americas,Central America,Costa Rica,0,0,0,0,0,0,0,0
CUB,CU,192,Cuba,,Americas,Caribbean,Cuba,0,1,0,0,0,0,0,0
CYP,CY,196,Cyprus,,Asia,Western Asia,Cyprus,0,1,1,0,0,0,1,1
CZE,CZ,203,Czechia,Czech Republic,Europe,Eastern Europe,Czechia,1,0,0,0,0,0,0,0
DEU,DE,276,Germany,,Europe,Western Europe,Germany,0,0,0,0,0,0,0,1
DJI,DJ,262,Djibouti,,Africa,Eastern Africa,Djibouti,0,0,0,0,0,0,0,0
DMA,DM,212,Dominica,,Americas,Caribbean,Dominica,0,1,0,0,0,0,1,0
DNK,DK,208,Denmark,,Europe,Northern Europe,Denmark,0,0,0,0,0,0,0,0
DOM,DO,214,Dominican Republic,,Americas,Caribbean,Dominican Republic,0,1,0,0,0,0,0,0
DZA,DZ,012,Algeria,,Africa,Northern Africa,Algeria,0,0,1,0,0,0,0,0
ECU,EC,218,Ecuador,,Americas,South America,Ecuador,0,0,0,1,0,0,0,0
EGY,EG,818,Egypt,,Africa,Northern Africa,Egypt,0,0,1,0,0,0,0,0
ERI,ER,232,Eritrea,,Africa,Eastern Africa,Eritrea,0,0,0,0,0,0,0,0
ESP,ES,724,Spain,,Europe,Southern Europe,Spain,0,0,1,0,0,0,0,1
EST,EE,233,Estonia,,Europe,Northern Europe,Estonia,0,0,0,0,0,1,0,1
ETH,ET,231,Ethiopia,,Africa,Eastern Africa,Ethiopia,1,0,0,0,0,0,0,0
FIN,FI,246,Finland,,Europe,Northern Europe,Finland,0,0,0,0,0,1,0,1
FJI,FJ,242,Fiji,,Oceania,Melanesia,Fiji,0,1,0,0,0,0,1,0
FRA,FR,250,France,,Europe,Western Europe,France,0,0,1,0,0,0,0,1
FSM,FM,583,Micronesia,Federated States of Micronesia,Oceania,Micronesia,Micronesia (Federated States of),0,1,0,0,0,0,0,0
GAB,GA,266,Gabon,,Africa,Middle Africa,Gabon,0,0,0,1,0,0,0,0
GBR,GB,826,United Kingdom,,Europe,Northern Europe,United Kingdom of Great Britain and Northern Ireland,0,1,0,0,0,0,1,0
GEO,GE,268,Georgia,,Asia,Western Asia,Georgia,0,0,0,0,0,1,0,0
GHA,GH,288,Ghana,,Africa,Western Africa,Ghana,0,0,0,0,0,0,0,0
GIN,GN,324,Guinea,,Africa,Western Africa,Guinea,0,0,0,0,0,0,0,0
GMB,GM,270,Gambia,,Africa,Western Africa,Gambia,0,0,0,0,0,0,0,0
GNB,GW,624,Guinea-Bissau,,Africa,Western Africa,Guinea-Bissau,0,0,0,0,0,0,0,0
GNQ,GQ,226,Equatorial Guinea,,Africa,Middle Africa,Equatorial Guinea,0,0,0,0,0,0,0,0
GRC,GR,300,Greece,,Europe,Southern Europe,Greece,0,0,1,0,0,0,0,1
GRD,GD,308,Grenada,,Americas,Caribbean,Grenada,0,1,0,0,0,0,1,0
GTM,GT,320,Guatemala,,Americas,Central America,Guatemala,0,0,0,0,0,0,0,0
GUY,GY,328,Guyana,,Americas,South America,Guyana,0,0,0,0,0,0,1,0
HND,HN,340,Honduras,,Americas,Central America,Honduras,0,0,0,0,0,0,0,0
HRV,HR,191,Croatia,,Europe,Southern Europe,Croatia,0,0,1,0,0,0,0,1
HTI,HT,332,Haiti,,Americas,Caribbean,Haiti,0,1,0,0,0,0,0,0
HUN,HU,348,Hungary,,Europe,Eastern Europe,Hungary,1,0,0,0,0,0,0,0
IDN,ID,360,Indonesia,,Asia,South-eastern Asia,Indonesia,0,1,0,1,0,0,1,0
IND,IN,356,India,,Asia,Southern Asia,India,0,0,0,0,1,0,1,0
IRL,IE,372,Ireland,,Europe,Northern Europe,Ireland,0,1,0,0,0,0,1,1
IRN,IR,364,Iran,,Asia,Southern Asia,Iran (Islamic Republic of),0,0,0,0,0,0,0,0
IRQ,IQ,368,Iraq,,Asia,Western Asia,Iraq,0,0,0,0,0,0,0,0
ISL,IS,352,Iceland,,Europe,Northern Europe,Iceland,0,1,0,0,0,0,0,0
ISR,IL,376,Israel,,Asia,Western Asia,Israel,0,0,1,0,0,0,0,0
ITA,IT,380,Italy,,Europe,Southern Europe,Italy,0,0,1,0,0,0,0,1
JAM,JM,388,Jamaica,,Americas,Caribbean,Jamaica,0,1,0,0,0,0,1,0
JOR,JO,400,Jordan,,Asia,Western Asia,Jordan,0,0,0,0,0,0,0,0
JPN,JP,392,Japan,,Asia,Eastern Asia,Japan,0,1,0,0,0,0,1,0
KAZ,KZ,398,Kazakhstan,,Asia,Central Asia,Kazakhstan,1,0,0,0,1,1,0,0
KEN,KE,404,Kenya,,Africa,Eastern Africa,Kenya,0,0,0,1,0,0,1,0
KGZ,KG,417,Kyrgyzstan,,Asia,Central Asia,Kyrgyzstan,1,0,0,0,1,0,0,0
KHM,KH,116,Cambodia,,Asia,South-eastern Asia,Cambodia,0,0,0,0,0,0,0,0
KIR,KI,296,Kiribati,,Oceania,Micronesia,Kiribati,0,1,0,0,0,0,1,0
KNA,KN,659,Saint Kitts and Nevis,,Americas,Caribbean,Saint Kitts and Nevis,0,1,0,0,0,0,1,0
KOR,KR,410,South Korea,Republic of Korea,Asia,Eastern Asia,Republic of Korea,0,0,0,0,0,0,0,0
KWT,KW,414,Kuwait,,Asia,Western Asia,Kuwait,0,0,0,0,0,0,0,0
LAO,LA,418,Laos,,Asia,South-eastern Asia,Lao People's Democratic Republic,1,0,0,0,1,0,0,0
LBN,LB,422,Lebanon,,Asia,Western Asia,Lebanon,0,0,1,0,0,0,0,0
LBR,LR,430,Liberia,,Africa,Western Africa,Liberia,0,0,0,0,0,0,0,0
LBY,LY,434,Libya,,Africa,Northern Africa,Libya,0,0,1,0,0,0,0,0
LCA,LC,662,Saint Lucia,,Americas,Caribbean,Saint Lucia,0,1,0,0,0,0,1,0
LIE,LI,438,Liechtenstein,,Europe,Western Europe,Liechtenstein,1,0,0,0,0,0,0,0
LKA,LK,144,Sri Lanka,,Asia,Southern Asia,Sri Lanka,0,1,0,0,0,0,1,0
LSO,LS,426,Lesotho,,Africa,Southern Africa,Lesotho,1,0,0,0,0,0,1,0
LTU,LT,440,Lithuania,,Europe,Northern Europe,Lithuania,0,0,0,0,0,1,0,1
LUX,LU,442,Luxembourg,,Europe,Western Europe,Luxembourg,1,0,0,0,0,0,0,1
LVA,LV,428,Latvia,,Europe,Northern Europe,Latvia,0,0,0,0,0,1,0,1
MAR,MA,504,Morocco,,Africa,Northern Africa,Morocco,0,0,1,0,0,0,0,0
MCO,MC,492,Monaco,,Europe,Western Europe,Monaco,0,0,1,0,0,0,0,1
MDA,MD,498,Moldova,,Europe,Eastern Europe,Republic of Moldova,1,0,0,0,0,0,0,0
MDG,MG,450,Madagascar,,Africa,Eastern Africa,Madagascar,0,1,0,0,0,0,0,0
MDV,MV,462,Maldives,,Asia,Southern Asia,Maldives,0,1,0,0,0,0,1,0
MEX,MX,484,Mexico,,Americas,Central America,Mexico,0,0,0,0,0,0,0,0
MHL,MH,584,Marshall Islands,,Oceania,Micronesia,Marshall Islands,0,1,0,0,0,0,0,0
MKD,MK,807,North Macedonia,,Europe,Southern Europe,North Macedonia,1,0,0,0,0,0,0,0
MLI,ML,466,Mali,,Africa,Western Africa,Mali,1,0,0,0,0,0,0,0
MLT,MT,470,Malta,,Europe,Southern Europe,Malta,0,1,1,0,0,0,1,1
MMR,MM,104,Myanmar,Burma,Asia,South-eastern Asia,Myanmar,0,0,0,0,1,0,0,0
MNE,ME,499,Montenegro,,Europe,Southern Europe,Montenegro,0,0,1,0,0,0,0,1
MNG,MN,496,Mongolia,,Asia,Eastern Asia,Mongolia,1,0,0,0,1,1,0,0
MOZ,MZ,508,Mozambique,,Africa,Eastern Africa,Mozambique,0,0,0,0,0,0,1,0
MRT,MR,478,Mauritania,,Africa,Western Africa,Mauritania,0,0,0,0,0,0,0,0
MUS,MU,480,Mauritius,,Africa,Eastern Africa,Mauritius,0,1,0,0,0,0,1,0
MWI,MW,454,Malawi,,Africa,Eastern Africa,Malawi,1,0,0,0,0,0,1,0
MYS,MY,458,Malaysia,,Asia,South-eastern Asia,Malaysia,0,0,0,0,0,0,1,0
NAM,NA,516,Namibia,,Africa,Southern Africa,Namibia,0,0,0,0,0,0,1,0
NER,NE,562,Niger,,Africa,Western Africa,Niger,1,0,0,0,0,0,0,0
NGA,NG,566,Nigeria,,Africa,Western Africa,Nigeria,0,0,0,0,0,0,0,0
NIC,NI,558,Nicaragua,,Americas,Central America,Nicaragua,0,0,0,0,0,0,0,0
NLD,NL,528,Netherlands,,Europe,Western Europe,Netherlands (Kingdom of the),0,0,0,0,0,0,0,1
NOR,NO,578,Norway,,Europe,Northern Europe,Norway,0,0,0,0,0,1,0,0
NPL,NP,524,Nepal,,Asia,Southern Asia,Nepal,1,0,0,0,1,0,1,0
NRU,NR,520,Naoero,Nauru,Oceania,Micronesia,Naoero,0,1,0,0,0,0,1,0
NZL,NZ,554,New Zealand,,Oceania,Australia and New Zealand,New Zealand,0,1,0,0,0,0,1,0
OMN,OM,512,Oman,,Asia,Western Asia,Oman,0,0,0,0,0,0,0,0
PAK,PK,586,Pakistan,,Asia,Southern Asia,Pakistan,0,0,0,0,1,0,1,0
PAN,PA,591,Panama,,Americas,Central America,Panama,0,0,0,0,0,0,0,0
PER,PE,604,Peru,,Americas,South America,Peru,0,0,0,0,0,0,0,0
PHL,PH,608,Philippines,,Asia,South-eastern Asia,Philippines,0,1,0,0,0,0,0,0
PLW,PW,585,Palau,,Oceania,Micronesia,Palau,0,1,0,0,0,0,0,0
PNG,PG,598,Papua New Guinea,,Oceania,Melanesia,Papua New Guinea,0,1,0,0,0,0,1,0
POL,PL,616,Poland,,Europe,Eastern Europe,Poland,0,0,0,0,0,1,0,0
PRK,KP,408,North Korea,Democratic People's Republic of Korea,Asia,Eastern Asia,Democratic People's Republic of Korea,0,0,0,0,1,1,0,0
PRT,PT,620,Portugal,,Europe,Southern Europe,Portugal,0,0,0,0,0,0,0,1
PRY,PY,600,Paraguay,,Americas,South America,Paraguay,1,0,0,0,0,0,0,0
QAT,QA,634,Qatar,,Asia,Western Asia,Qatar,0,0,0,0,0,0,0,0
ROU,RO,642,Romania,,Europe,Eastern Europe,Romania,0,0,0,0,0,0,0,0
RUS,RU,643,Russia,,Europe,Eastern Europe,Russian Federation,0,0,0,0,1,0,0,0
RWA,RW,646,Rwanda,,Africa,Eastern Africa,Rwanda,1,0,0,0,0,0,0,0
SAU,SA,682,Saudi Arabia,,Asia,Western Asia,Saudi Arabia,0,0,0,0,0,0,0,0
SDN,SD,729,Sudan,,Africa,Northern Africa,Sudan,0,0,0,0,0,0,0,0
SEN,SN,686,Senegal,,Africa,Western Africa,Senegal,0,0,0,0,0,0,0,0
SGP,SG,702,Singapore,,Asia,South-eastern Asia,Singapore,0,1,0,0,0,0,1,0
SLB,SB,090,Solomon Islands,,Oceania,Melanesia,Solomon Islands,0,1,0,0,0,0,1,0
SLE,SL,694,Sierra Leone,,Africa,Western Africa,Sierra Leone,0,0,0,0,0,0,0,0
SLV,SV,222,El Salvador,,Americas,Central America,El Salvador,0,0,0,0,0,0,0,0
SMR,SM,674,San Marino,,Europe,Southern Europe,San Marino,1,0,0,0,0,0,0,1
SOM,SO,706,Somalia,,Africa,Eastern Africa,Somalia,0,0,0,1,0,0,0,0
SRB,RS,688,Serbia,,Europe,Southern Europe,Serbia,1,0,0,0,0,0,0,0
SSD,SS,728,South Sudan,,Africa,Eastern Africa,South Sudan,1,0,0,0,0,0,0,0
STP,ST,678,São Tomé and Príncipe,,Africa,Middle Africa,Sao Tome and Principe,0,1,0,1,0,0,0,0
SUR,SR,740,Suriname,,Americas,South America,Suriname,0,0,0,0,0,0,1,0
SVK,SK,703,Slovakia,,Europe,Eastern Europe,Slovakia,1,0,0,0,0,0,0,1
SVN,SI,705,Slovenia,,Europe,Southern Europe,Slovenia,0,0,1,0,0,0,0,1
SWE,SE,752,Sweden,,Europe,Northern Europe,Sweden,0,0,0,0,0,0,0,0
SWZ,SZ,748,Eswatini,Swaziland,Africa,Southern Africa,Eswatini,1,0,0,0,0,0,1,0
SYC,SC,690,Seychelles,,Africa,Eastern Africa,Seychelles,0,1,0,0,0,0,1,0
SYR,SY,760,Syria,,Asia,Western Asia,Syrian Arab Republic,0,0,1,0,0,0,0,0
TCD,TD,148,Chad,,Africa,Middle Africa,Chad,1,0,0,0,0,0,0,0
TGO,TG,768,Togo,,Africa,Western Africa,Togo,0,0,0,0,0,0,0,0
THA,TH,764,Thailand,,Asia,South-eastern Asia,Thailand,0,0,0,0,0,0,1,0
TJK,TJ,762,Tajikistan,,Asia,Central Asia,Tajikistan,1,0,0,0,1,0,0,0
TKM,TM,795,Turkmenistan,,Asia,Central Asia,Turkmenistan,1,0,0,0,0,0,0,0
TLS,TL,626,Timor-Leste,East Timor,Asia,South-eastern Asia,Timor-Leste,0,1,0,0,0,0,1,0
TON,TO,776,Tonga,,Oceania,Polynesia,Tonga,0,1,0,0,0,0,1,0
TTO,TT,780,Trinidad and Tobago,,Americas,Caribbean,Trinidad and Tobago,0,1,0,0,0,0,1,0
TUN,TN,788,Tunisia,,Africa,Northern Africa,Tunisia,0,0,1,0,0,0,0,0
TUR,TR,792,Türkiye,Turkey,Asia,Western Asia,Türkiye,0,0,1,0,0,0,0,0
TUV,TV,798,Tuvalu,,Oceania,Polynesia,Tuvalu,0,1,0,0,0,0,1,0
TZA,TZ,834,Tanzania,,Africa,Eastern Africa,United Republic of Tanzania,0,0,0,0,0,0,1,0
UGA,UG,800,Uganda,,Africa,Eastern Africa,Uganda,1,0,0,1,0,0,1,0
UKR,UA,804,Ukraine,,Europe,Eastern Europe,Ukraine,0,0,0,0,0,1,0,0
URY,UY,858,Uruguay,,Americas,South America,Uruguay,0,0,0,0,0,0,0,0
USA,US,840,United States,,Americas,Northern America,United States of America,0,0,0,0,0,0,0,0
UZB,UZ,860,Uzbekistan,,Asia,Central Asia,Uzbekistan,1,0,0,0,0,0,0,0
VCT,VC,670,Saint Vincent and the Grenadines,,Americas,Caribbean,Saint Vincent and the Grenadines,0,1,0,0,0,0,1,0
VEN,VE,862,Venezuela,,Americas,South America,Venezuela (Bolivarian Republic of),0,0,0,0,0,0,0,0
VNM,VN,704,Vietnam,,Asia,South-eastern Asia,Viet Nam,0,0,0,0,1,0,0,0
VUT,VU,548,Vanuatu,,Oceania,Melanesia,Vanuatu,0,1,0,0,0,0,0,0
WSM,WS,882,Samoa,,Oceania,Polynesia,Samoa,0,1,0,0,0,0,1,0
YEM,YE,887,Yemen,,Asia,Western Asia,Yemen,0,0,0,0,0,0,0,0
ZAF,ZA,710,South Africa,,Africa,Southern Africa,South Africa,0,0,0,0,0,0,1,0
ZMB,ZM,894,Zambia,,Africa,Eastern Africa,Zambia,1,0,0,0,0,0,1,0
ZWE,ZW,716,Zimbabwe,,Africa,Eastern Africa,Zimbabwe,1,0,0,0,0,0,1,0
