id,tab,tab_name,question,kind,key,value
africa,where,Where,In Africa?,region,Africa,
americas,where,Where,In the Americas?,region,Americas,
asia,where,Where,In Asia?,region,Asia,
europe,where,Where,In Europe?,region,Europe,
oceania,where,Where,In Oceania?,region,Oceania,
samerica,where,Where,In South America?,sub,South America,
caribbean,where,Where,In the Caribbean?,sub,Caribbean,
seasia,where,Where,In Southeast Asia?,sub,South-eastern Asia,
landlocked,land,Land,Landlocked?,list,landlocked,
island,land,Land,An island country?,list,island,
med,land,Land,A coast on the Mediterranean?,list,med,
equator,land,Land,Does the equator cross it?,list,equator,
china,land,Land,Borders China?,list,china,
russia,land,Land,Borders Russia?,list,russia,
forest,land,Land,More than half forest?,above,forest,50
pop100k,people,People,"More than 100,000 people?",above,pop,100000
pop1m,people,People,More than 1 million people?,above,pop,1000000
pop10m,people,People,More than 10 million people?,above,pop,10000000
pop50m,people,People,More than 50 million people?,above,pop,50000000
pop100m,people,People,More than 100 million people?,above,pop,100000000
urban,people,People,Most people in towns and cities?,above,urban,50
bigger-che,size,Size,Bigger than Switzerland?,ref,area,CHE
bigger-gbr,size,Size,Bigger than the UK?,ref,area,GBR
bigger-fra,size,Size,Bigger than France?,ref,area,FRA
bigger-ind,size,Size,Bigger than India?,ref,area,IND
life75,life,Life,Life expectancy over 75?,above,life,75
life80,life,Life,Life expectancy over 80?,above,life,80
online,life,Life,Most people online?,above,net,50
rich,life,Life,High income (World Bank)?,income,HIC,
left,life,Life,Drives on the left?,list,left,
euro,life,Life,Uses the euro?,list,euro,
