id,verdict,language1,word1,latin1,meaning1,dictionary1a,url1a,dictionary1b,url1b,language2,word2,meaning2,dictionary2a,url2a,dictionary2b,url2b,sentence1_language,sentence1,sentence1_english,sentence2_language,sentence2,sentence2_english,mix_up
de-gift,trap,German,Gift,,poison,DWDS,https://www.dwds.de/wb/Gift,Wiktionary,https://en.wiktionary.org/wiki/Gift,English,gift,a present (or a talent),Merriam-Webster,https://www.merriam-webster.com/dictionary/gifts,Britannica Dictionary,https://www.britannica.com/dictionary/gift,German,Diese Beeren sind [Gift].,These berries are poison.,,,,These berries are a gift.
de-handy,trap,German,Handy,,a mobile phone,DWDS,https://www.dwds.de/wb/Handy,WAHRIG (on DWDS),https://www.dwds.de/wb/wdw/search/?q=Handy,English,handy,"useful, or close at hand",Oxford Learner's,https://www.oxfordlearnersdictionaries.com/us/definition/english/handy,Merriam-Webster,https://www.merriam-webster.com/dictionary/handier,German,Sein [Handy] klingelt.,His mobile phone is ringing.,,,,His handy is ringing.
de-bald,trap,German,bald,,soon,DWDS,https://www.dwds.de/wb/bald,WAHRIG (on DWDS),https://www.dwds.de/wb/wdw/bald,English,bald,with little or no hair on the head,Merriam-Webster,https://www.merriam-webster.com/dictionary/bald,Oxford Learner's,https://www.oxfordlearnersdictionaries.com/definition/english/bald,German,Ich bin [bald] zu Hause.,I'll be home soon.,,,,I am bald at home.
de-hut,trap,German,Hut,,a hat,DWDS,https://www.dwds.de/wb/Hut,WAHRIG (on DWDS),https://www.dwds.de/wb/wdw/search/?q=Hut,English,hut,"a small, simple house or shelter",Merriam-Webster,https://www.merriam-webster.com/dictionary/hut,Oxford Learner's,https://www.oxfordlearnersdictionaries.com/us/definition/english/hut,German,Opa trägt einen [Hut].,Grandpa is wearing a hat.,,,,Grandpa is wearing a hut.
de-mantel,trap,German,Mantel,,a coat,DWDS,https://www.dwds.de/wb/Mantel,WAHRIG (on DWDS),https://www.dwds.de/wb/wdw/search/?q=Mantel,English,mantel,the shelf above a fireplace,Merriam-Webster,https://www.merriam-webster.com/dictionary/mantels,Britannica Dictionary,https://www.britannica.com/dictionary/mantel,German,Zieh deinen [Mantel] an!,Put your coat on!,,,,Put your mantel on!
de-nl-rat,trap,German,Rat,,advice (or a council),DWDS,https://www.dwds.de/wb/Rat,WAHRIG (on DWDS),https://www.dwds.de/wb/wdw/search/?q=Rat,Dutch,rat,"a rat, the animal",woorden.org,https://www.woorden.org/woord/rat,Van Dale 1950 (on Ensie),https://www.ensie.nl/van-dale/rat,German,Ich brauche deinen [Rat].,I need your advice.,Dutch,De [rat] woont onder de brug.,The rat lives under the bridge.,I need your rat.
nl-room,trap,Dutch,room,,"cream, the fat of milk",woorden.org,https://www.woorden.org/woord/room,Van Dale 1950 (on Ensie),https://www.ensie.nl/van-dale/room,English,room,a space with walls inside a building,Merriam-Webster,https://www.merriam-webster.com/dictionary/room,Oxford Learner's,https://www.oxfordlearnersdictionaries.com/definition/english/room_1,Dutch,Wil je [room] in je koffie?,Would you like cream in your coffee?,,,,Would you like a room in your coffee?
nl-big,trap,Dutch,big,,"a piglet, a young pig",woorden.org,https://www.woorden.org/woord/big,Ensie (Muiswerk),https://www.ensie.nl/betekenis/big,English,big,large,Merriam-Webster,https://www.merriam-webster.com/dictionary/biggest,Britannica Dictionary,https://www.britannica.com/dictionary/big,Dutch,De [big] slaapt in het stro.,The piglet is sleeping in the straw.,,,,The big is sleeping in the straw.
nl-boot,trap,Dutch,boot,,a boat,woorden.org,https://www.woorden.org/woord/boot,Van Dale 1950 (on Ensie),https://www.ensie.nl/van-dale/boot,English,boot,a strong shoe that covers the ankle,Oxford Learner's,https://www.oxfordlearnersdictionaries.com/definition/english/boot_1,Merriam-Webster,https://www.merriam-webster.com/dictionary/boot,Dutch,De [boot] vaart naar het eiland.,The boat sails to the island.,,,,The boot sails to the island.
fr-pain,trap,French,pain,,bread,Larousse,https://www.larousse.fr/dictionnaires/francais/pain/57279,Académie française,https://www.dictionnaire-academie.fr/article/A9P0082,English,pain,the feeling when something hurts,Merriam-Webster,https://www.merriam-webster.com/dictionary/pains,Britannica Dictionary,https://www.britannica.com/dictionary/pain,French,Je mange du [pain] avec du fromage.,I'm eating bread with cheese.,,,,I'm eating pain with cheese.
fr-main,trap,French,main,,a hand,Larousse,https://www.larousse.fr/dictionnaires/francais/main/48688,Wiktionnaire,https://fr.wiktionary.org/wiki/main,English,main,most important,Britannica Dictionary,https://www.britannica.com/dictionary/main,Merriam-Webster,https://www.merriam-webster.com/simple/main,French,Lève la [main] pour parler.,Raise your hand to speak.,,,,Raise your main to speak.
fr-four,trap,French,four,,an oven,Larousse,https://www.larousse.fr/dictionnaires/francais/four/34816,Wiktionnaire,https://fr.wiktionary.org/wiki/four,English,four,the number 4,Britannica Dictionary,https://www.britannica.com/dictionary/four,Oxford Learner's,https://www.oxfordlearnersdictionaries.com/us/definition/english/four,French,Le gâteau est dans le [four].,The cake is in the oven.,,,,The cake is in the four.
fr-lecture,trap,French,lecture,,reading,Larousse,https://www.larousse.fr/dictionnaires/francais/lecture/46547,Larousse Collège,https://www.larousse.fr/dictionnaires/college/lecture,English,lecture,a talk that teaches a group,Britannica Dictionary,https://www.britannica.com/dictionary/lecture,Merriam-Webster,https://www.merriam-webster.com/dictionary/lectures,French,La [lecture] est mon passe-temps préféré.,Reading is my favourite pastime.,,,,The lecture is my favourite pastime.
fr-chandelier,trap,French,chandelier,,a candlestick,Larousse,https://www.larousse.fr/dictionnaires/francais/chandelier/14602,Larousse French-English,https://www.larousse.fr/dictionnaires/francais-anglais/chandelier/14472,English,chandelier,a branched light hanging from a ceiling,Britannica Dictionary,https://www.britannica.com/dictionary/chandelier,Merriam-Webster,https://www.merriam-webster.com/dictionary/chandelier,French,Le [chandelier] est sur la table.,The candlestick is on the table.,,,,The chandelier is on the table.
es-red,trap,Spanish,red,,a net (or a network),RAE,https://dle.rae.es/red,SpanishDict,https://www.spanishdict.com/translate/la%20red,English,red,the colour of blood,Britannica Dictionary,https://www.britannica.com/dictionary/reds,Merriam-Webster,https://www.merriam-webster.com/dictionary/red,Spanish,El pez está en la [red].,The fish is in the net.,,,,The fish is in the red.
es-once,trap,Spanish,once,,eleven,RAE,https://dle.rae.es/once,SpanishDict,https://www.spanishdict.com/translate/once,English,once,one time,Britannica Dictionary,https://www.britannica.com/dictionary/once,Merriam-Webster,https://www.merriam-webster.com/dictionary/onces,Spanish,Tengo [once] primos.,I have eleven cousins.,,,,I have once cousins.
fr-es-salir,trap,French,salir,,to make something dirty,Larousse,https://www.larousse.fr/dictionnaires/francais/salir/70697,Wiktionnaire,https://fr.wiktionary.org/wiki/salir,Spanish,salir,to go out,RAE,https://dle.rae.es/salir,SpanishDict,https://www.spanishdict.com/translate/salir,French,"Attention, tu vas [salir] le tapis !","Careful, you'll get the carpet dirty!",Spanish,¿Quieres [salir] esta noche?,Do you want to go out tonight?,"Careful, you'll go out the carpet!"
it-estate,trap,Italian,estate,,summer,Treccani,https://www.treccani.it/vocabolario/estate/,De Mauro,https://dizionario.internazionale.it/parola/estate,English,estate,a big piece of land with a house on it,Merriam-Webster,https://www.merriam-webster.com/dictionary/estate,Oxford Learner's,https://www.oxfordlearnersdictionaries.com/definition/english/estate,Italian,L'[estate] è la mia stagione preferita.,Summer is my favourite season.,,,,The estate is my favourite season.
it-fame,trap,Italian,fame,,hunger,Treccani,https://www.treccani.it/vocabolario/fame/,De Mauro,https://dizionario.internazionale.it/parola/fame,English,fame,being known by very many people,Oxford Learner's,https://www.oxfordlearnersdictionaries.com/definition/english/fame,Britannica Dictionary,https://www.britannica.com/dictionary/fame,Italian,"Ho [fame], mangiamo!","I'm hungry, let's eat!",,,,"I have fame, let's eat!"
it-cane,trap,Italian,cane,,a dog,Treccani,https://www.treccani.it/vocabolario/cane1/,De Mauro,https://dizionario.internazionale.it/parola/cane,English,cane,a walking stick,Oxford Learner's,https://www.oxfordlearnersdictionaries.com/us/definition/american_english/cane_1,Britannica Dictionary,https://www.britannica.com/dictionary/cane,Italian,Il [cane] abbaia al postino.,The dog barks at the postman.,,,,The cane barks at the postman.
it-ape,trap,Italian,ape,,a bee,Treccani,https://www.treccani.it/vocabolario/ape/,De Mauro,https://dizionario.internazionale.it/parola/ape,English,ape,an animal like a gorilla or a chimpanzee,Britannica Dictionary,https://www.britannica.com/dictionary/ape,Oxford Learner's,https://www.oxfordlearnersdictionaries.com/us/definition/american_english/ape_1,Italian,Un'[ape] vola sul fiore.,A bee flies onto the flower.,,,,An ape flies onto the flower.
pt-data,trap,Portuguese,data,,"a date: the day, month and year",Priberam,https://dicionario.priberam.org/pt-pt/data,Infopédia,https://www.infopedia.pt/dicionarios/lingua-portuguesa/data,English,data,facts and information,Oxford Learner's,https://www.oxfordlearnersdictionaries.com/us/definition/english/data,Britannica Dictionary,https://www.britannica.com/dictionary/data,Portuguese,Qual é a [data] de hoje?,What is today's date?,,,,What is today's data?
es-it-camino,trap,Spanish,camino,,a path or a way,RAE,https://dle.rae.es/camino,SpanishDict,https://www.spanishdict.com/translate/camino,Italian,camino,a fireplace (or a chimney),Treccani,https://www.treccani.it/vocabolario/camino1/,De Mauro,https://dizionario.internazionale.it/parola/camino,Spanish,El [camino] sube a la montaña.,The path goes up the mountain.,Italian,Accendiamo il [camino]?,Shall we light the fireplace?,Shall we light the path?
es-it-topo,trap,Spanish,topo,,"a mole, the animal that digs",RAE,https://dle.rae.es/topo,SpanishDict,https://www.spanishdict.com/translate/topo,Italian,topo,a mouse,Treccani,https://www.treccani.it/vocabolario/topo1/,De Mauro,https://dizionario.internazionale.it/parola/topo,Spanish,El [topo] vive bajo tierra.,The mole lives underground.,Italian,Il [topo] mangia il formaggio.,The mouse is eating the cheese.,The mole is eating the cheese.
es-it-seta,trap,Spanish,seta,,a mushroom,RAE,https://dle.rae.es/seta,SpanishDict,https://www.spanishdict.com/translate/seta,Italian,seta,silk,Treccani,https://www.treccani.it/vocabolario/seta/,De Mauro,https://dizionario.internazionale.it/parola/seta,Spanish,Encontré una [seta] en el bosque.,I found a mushroom in the forest.,Italian,La camicia è di [seta].,The shirt is made of silk.,The shirt is made of mushroom.
es-it-burro,trap,Spanish,burro,,a donkey,RAE,https://dle.rae.es/burro,SpanishDict,https://www.spanishdict.com/translate/burro,Italian,burro,butter,Treccani,https://www.treccani.it/vocabolario/burro/,De Mauro,https://dizionario.internazionale.it/parola/burro,Spanish,El [burro] come hierba.,The donkey is eating grass.,Italian,"Pane e [burro], per favore.","Bread and butter, please.","Bread and donkey, please."
sv-barn,trap,Swedish,barn,,"a child, or children",synonymer.se,https://www.synonymer.se/sv-en/barn,Woxikon,https://ordbok.woxikon.se/sv-en/barn,English,barn,a big farm building for animals or crops,Oxford Learner's,https://www.oxfordlearnersdictionaries.com/definition/english/barn,Merriam-Webster,https://www.merriam-webster.com/dictionary/barns,Swedish,Alla [barn] får en present.,All the children get a present.,,,,All the barns get a present.
sv-glass,trap,Swedish,glass,,ice cream,synonymer.se,https://www.synonymer.se/sv-en/glass,Woxikon,https://ordbok.woxikon.se/sv-en/glass,English,glass,"the hard, clear material of windows",Merriam-Webster,https://www.merriam-webster.com/dictionary/glass,Britannica Dictionary,https://www.britannica.com/dictionary/glass,Swedish,Vi äter [glass] på stranden.,We're eating ice cream on the beach.,,,,We're eating glass on the beach.
sv-semester,trap,Swedish,semester,,a holiday from work,synonymer.se,https://www.synonymer.se/sv-en/semester,Woxikon,https://ordbok.woxikon.se/sv-en/semester,English,semester,half of a school or university year,Britannica Dictionary,https://www.britannica.com/dictionary/semester,Oxford Learner's,https://www.oxfordlearnersdictionaries.com/definition/english/semester,Swedish,Vi åker till Spanien på [semester].,We're going to Spain on holiday.,,,,We're going to Spain for a semester.
sv-dam,trap,Swedish,dam,,a lady,synonymer.se,https://www.synonymer.se/sv-en/dam,Woxikon,https://ordbok.woxikon.se/sv-en/dam,English,dam,a wall that holds back water,Merriam-Webster,https://www.merriam-webster.com/dictionary/dam,Britannica Dictionary,https://www.britannica.com/dictionary/dam,Swedish,En äldre [dam] sitter på bänken.,An older lady is sitting on the bench.,,,,An older dam is sitting on the bench.
sv-hem,trap,Swedish,hem,,home,synonymer.se,https://www.synonymer.se/sv-en/hem,Woxikon,https://ordbok.woxikon.se/sv-en/hem,English,hem,the folded edge of a piece of cloth,Merriam-Webster,https://www.merriam-webster.com/dictionary/hem,Britannica Dictionary,https://www.britannica.com/dictionary/hem,Swedish,Välkommen [hem]!,Welcome home!,,,,"Welcome, hem!"
ru-fabrika,trap,Russian,фабрика,fabrika,a factory,Ushakov,https://dic.academic.ru/dic.nsf/ushakov/1074418,Gramota.ru,https://gramota.ru/meta/fabrika,English,fabric,cloth,Merriam-Webster,https://www.merriam-webster.com/dictionary/fabrics,Britannica Dictionary,https://www.britannica.com/dictionary/fabric,Russian,Это старая [фабрика]. (Eto staraya [fabrika].),This is an old factory.,,,,This is an old fabric.
tr-bin,trap,Turkish,bin,,a thousand,Tureng,https://tureng.com/en/turkish-english/bin,Zargan,https://www.zargan.com/tr/q/bin-ceviri-nedir,English,bin,a container for rubbish,Merriam-Webster,https://www.merriam-webster.com/dictionary/bin,Britannica Dictionary,https://www.britannica.com/dictionary/bin,Turkish,[Bin] kere teşekkür ederim!,Thank you a thousand times!,,,,Thank you a bin times!
tr-ten,trap,Turkish,ten,,"skin, its colour and look",Tureng,https://tureng.com/en/turkish-english/ten,Zargan,https://www.zargan.com/tr/q/ten-ceviri-nedir,English,ten,the number 10,Britannica Dictionary,https://www.britannica.com/dictionary/ten,Merriam-Webster,https://www.merriam-webster.com/dictionary/10,Turkish,Bu krem her [ten] için uygun.,This cream suits every skin.,,,,This cream suits every ten.
tr-pasta,trap,Turkish,pasta,,a cake,Tureng,https://tureng.com/en/turkish-english/pasta,Zargan,https://www.zargan.com/tr/q/pasta-ceviri-nedir,English,pasta,"Italian food made of dough, like spaghetti",Merriam-Webster,https://www.merriam-webster.com/dictionary/pastas,Britannica Dictionary,https://www.britannica.com/dictionary/pasta,Turkish,[Pasta]ya mumları koyduk.,We put the candles on the cake.,,,,We put the candles on the pasta.
tr-at,trap,Turkish,at,,a horse,Tureng,https://tureng.com/en/turkish-english/at,Zargan,https://www.zargan.com/tr/q/at-ceviri-nedir,English,at,"a little word for where or when: at home, at six",Britannica Dictionary,https://www.britannica.com/dictionary/at,Oxford Learner's,https://www.oxfordlearnersdictionaries.com/definition/english/at,Turkish,Çiftlikte beyaz bir [at] var.,There is a white horse on the farm.,,,,There is a white at on the farm.
tr-son,trap,Turkish,son,,the end; last,Tureng,https://tureng.com/en/turkish-english/son,Zargan,https://www.zargan.com/tr/q/son-ceviri-nedir,English,son,a male child,Oxford Learner's,https://www.oxfordlearnersdictionaries.com/definition/english/son,Merriam-Webster,https://www.merriam-webster.com/dictionary/sons,Turkish,Bu [son] şansın!,This is your last chance!,,,,This is your son chance!
de-rucksack,twin,German,Rucksack,,a bag you carry on your back,DWDS,https://www.dwds.de/wb/Rucksack,WAHRIG (on DWDS),https://www.dwds.de/wb/wdw/search/?q=Rucksack,English,rucksack,a bag you carry on your back,Oxford Learner's,https://www.oxfordlearnersdictionaries.com/definition/english/rucksack,Britannica Dictionary,https://www.britannica.com/dictionary/rucksack,German,Mein [Rucksack] ist zu schwer.,My rucksack is too heavy.,,,,
de-hamster,twin,German,Hamster,,a small furry animal with big cheek pouches,DWDS,https://www.dwds.de/wb/Hamster,WAHRIG (on DWDS),https://www.dwds.de/wb/wdw/Hamster,English,hamster,a small furry animal with big cheek pouches,Merriam-Webster,https://www.merriam-webster.com/dictionary/hamster,Oxford Learner's,https://www.oxfordlearnersdictionaries.com/definition/english/hamster,German,Der [Hamster] schläft am Tag.,The hamster sleeps during the day.,,,,
de-kitsch,twin,German,Kitsch,,showy things in poor taste,DWDS,https://www.dwds.de/wb/Kitsch,WAHRIG (on DWDS),https://www.dwds.de/wb/wdw/search/?q=Kitsch,English,kitsch,showy things in poor taste,Oxford Learner's,https://www.oxfordlearnersdictionaries.com/us/definition/english/kitsch_1,Britannica Dictionary,https://www.britannica.com/dictionary/kitsch,German,Der Laden ist voller [Kitsch].,The shop is full of kitsch.,,,,
de-film,twin,German,Film,,a movie (and the film of old cameras),DWDS,https://www.dwds.de/wb/Film,WAHRIG (on DWDS),https://www.dwds.de/wb/wdw/search/?q=Film,English,film,a movie (and the film of old cameras),Merriam-Webster,https://www.merriam-webster.com/dictionary/film,Britannica Dictionary,https://www.britannica.com/dictionary/film,German,Der [Film] beginnt um acht.,The film starts at eight.,,,,
de-kohlrabi,twin,German,Kohlrabi,,"a cabbage-like vegetable with a round, fat stem",DWDS,https://www.dwds.de/wb/Kohlrabi,WAHRIG (on DWDS),https://www.dwds.de/wb/wdw/Kohlrabi,English,kohlrabi,"a cabbage-like vegetable with a round, fat stem",Merriam-Webster,https://www.merriam-webster.com/dictionary/kohlrabi,Oxford Learner's,https://www.oxfordlearnersdictionaries.com/definition/english/kohlrabi,German,Oma kocht heute [Kohlrabi].,Grandma is cooking kohlrabi today.,,,,
de-nl-wand,twin,German,Wand,,a wall,DWDS,https://www.dwds.de/wb/Wand,WAHRIG (on DWDS),https://www.dwds.de/wb/wdw/search/?q=Wand,Dutch,wand,a wall,woorden.org,https://www.woorden.org/woord/wand,Van Dale 1950 (on Ensie),https://www.ensie.nl/van-dale/wand,German,Das Bild hängt an der [Wand].,The picture hangs on the wall.,Dutch,Het schilderij hangt aan de [wand].,The painting hangs on the wall.,
de-nl-kind,twin,German,Kind,,a child,DWDS,https://www.dwds.de/wb/Kind,WDG (on DWDS),https://www.dwds.de/wb/wdg/Kind,Dutch,kind,a child,woorden.org,https://www.woorden.org/woord/kind,Ensie (Muiswerk),https://www.ensie.nl/betekenis/kind,German,Das [Kind] lacht.,The child is laughing.,Dutch,Het [kind] speelt buiten.,The child is playing outside.,
nl-water,twin,Dutch,water,,"the clear liquid of rain, rivers and seas",woorden.org,https://www.woorden.org/woord/water,Ensie (Muiswerk),https://www.ensie.nl/betekenis/water,English,water,"the clear liquid of rain, rivers and seas",Britannica Dictionary,https://www.britannica.com/dictionary/water,Oxford Learner's,https://www.oxfordlearnersdictionaries.com/us/definition/english/water_1,Dutch,Het [water] is vandaag koud.,The water is cold today.,,,,
nl-tram,twin,Dutch,tram,,an electric vehicle on rails in the street,woorden.org,https://www.woorden.org/woord/tram,Ensie (Muiswerk),https://www.ensie.nl/betekenis/tram,English,tram,an electric vehicle on rails in the street,Oxford Learner's,https://www.oxfordlearnersdictionaries.com/definition/english/tram,Britannica Dictionary,https://www.britannica.com/dictionary/tram,Dutch,De [tram] stopt bij het station.,The tram stops at the station.,,,,
nl-storm,twin,Dutch,storm,,very bad weather with strong wind,woorden.org,https://www.woorden.org/woord/storm,Van Dale 1950 (on Ensie),https://www.ensie.nl/van-dale/storm,English,storm,very bad weather with strong wind,Britannica Dictionary,https://www.britannica.com/dictionary/storm,Oxford Learner's,https://www.oxfordlearnersdictionaries.com/definition/english/storm_1,Dutch,Er komt vannacht een [storm].,A storm is coming tonight.,,,,
fr-orange,twin,French,orange,,"the fruit, and its colour",Larousse,https://www.larousse.fr/dictionnaires/francais/orange/56295,Wiktionnaire,https://fr.wiktionary.org/wiki/orange,English,orange,"the fruit, and its colour",Britannica Dictionary,https://www.britannica.com/dictionary/orange,Merriam-Webster,https://www.merriam-webster.com/dictionary/Orange,French,Je bois un jus d'[orange].,I'm drinking orange juice.,,,,
fr-ballet,twin,French,ballet,,dancing performed on a stage,Larousse,https://www.larousse.fr/dictionnaires/francais/ballet/7696,Wiktionnaire,https://fr.wiktionary.org/wiki/ballet,English,ballet,dancing performed on a stage,Britannica Dictionary,https://www.britannica.com/dictionary/ballet,Merriam-Webster,https://www.merriam-webster.com/dictionary/ballet,French,"Ce soir, nous allons voir un [ballet].",Tonight we're going to see a ballet.,,,,
fr-garage,twin,French,garage,,"a building for cars, or a shop that repairs them",Larousse,https://www.larousse.fr/dictionnaires/francais/garage/36068,Larousse Collège,https://www.larousse.fr/dictionnaires/college/garage/17721,English,garage,"a building for cars, or a shop that repairs them",Britannica Dictionary,https://www.britannica.com/dictionary/garage,Merriam-Webster,https://www.merriam-webster.com/dictionary/garaging,French,La voiture est au [garage].,The car is at the garage.,,,,
fr-avalanche,twin,French,avalanche,,a mass of snow rushing down a mountain,Larousse,https://www.larousse.fr/dictionnaires/francais/avalanche/6925,Wiktionnaire,https://fr.wiktionary.org/wiki/avalanche,English,avalanche,a mass of snow rushing down a mountain,Merriam-Webster,https://www.merriam-webster.com/dictionary/avalanche,Oxford Learner's,https://www.oxfordlearnersdictionaries.com/us/definition/english/avalanche,French,Une [avalanche] a fermé la route.,An avalanche closed the road.,,,,
fr-parachute,twin,French,parachute,,a big cloth that slows a fall from a plane,Larousse,https://www.larousse.fr/dictionnaires/francais/parachute/57848,Wiktionnaire,https://fr.wiktionary.org/wiki/parachute,English,parachute,a big cloth that slows a fall from a plane,Britannica Dictionary,https://www.britannica.com/dictionary/parachute,Oxford Learner's,https://www.oxfordlearnersdictionaries.com/us/definition/english/parachute_1,French,Il saute en [parachute].,He jumps with a parachute.,,,,
es-hospital,twin,Spanish,hospital,,a place where sick people are cared for,RAE,https://dle.rae.es/hospital,SpanishDict,https://www.spanishdict.com/translate/hospital,English,hospital,a place where sick people are cared for,Merriam-Webster,https://www.merriam-webster.com/dictionary/hospitals,Oxford Learner's,https://www.oxfordlearnersdictionaries.com/definition/english/hospital,Spanish,Mi tía trabaja en un [hospital].,My aunt works in a hospital.,,,,
es-animal,twin,Spanish,animal,,a living creature that is not a plant,RAE,https://dle.rae.es/animal,SpanishDict,https://www.spanishdict.com/translate/animal,English,animal,a living creature that is not a plant,Merriam-Webster,https://www.merriam-webster.com/dictionary/animal,Oxford Learner's,https://www.oxfordlearnersdictionaries.com/us/definition/english/animal_1,Spanish,El perro es mi [animal] favorito.,The dog is my favourite animal.,,,,
es-error,twin,Spanish,error,,a mistake,RAE,https://dle.rae.es/error,SpanishDict,https://www.spanishdict.com/translate/error,English,error,a mistake,Merriam-Webster,https://www.merriam-webster.com/dictionary/error,Oxford Learner's,https://www.oxfordlearnersdictionaries.com/us/definition/english/error,Spanish,Fue un pequeño [error].,It was a small mistake.,,,,
es-piano,twin,Spanish,piano,,the instrument with black and white keys,RAE,https://dle.rae.es/piano,SpanishDict,https://www.spanishdict.com/translate/piano,English,piano,the instrument with black and white keys,Merriam-Webster,https://www.merriam-webster.com/dictionary/pianos,Britannica Dictionary,https://www.britannica.com/dictionary/piano,Spanish,Mi hermana toca el [piano].,My sister plays the piano.,,,,
it-villa,twin,Italian,villa,,a large house with a garden,Treccani,https://www.treccani.it/vocabolario/villa/,De Mauro,https://dizionario.internazionale.it/parola/villa,English,villa,a large house with a garden,Merriam-Webster,https://www.merriam-webster.com/dictionary/villa,Oxford Learner's,https://www.oxfordlearnersdictionaries.com/definition/english/villa,Italian,La [villa] ha un grande giardino.,The villa has a big garden.,,,,
it-paparazzi,twin,Italian,paparazzi,,photographers who chase famous people,Treccani,https://www.treccani.it/vocabolario/paparazzo/,De Mauro,https://dizionario.internazionale.it/parola/paparazzo,English,paparazzi,photographers who chase famous people,Merriam-Webster,https://www.merriam-webster.com/dictionary/paparazzi,Britannica Dictionary,https://www.britannica.com/dictionary/paparazzo,Italian,I [paparazzi] aspettano l'attrice.,The paparazzi are waiting for the actress.,,,,
pt-hotel,twin,Portuguese,hotel,,a building where you pay to stay the night,Priberam,https://dicionario.priberam.org/hotel,Infopédia,https://www.infopedia.pt/dicionarios/lingua-portuguesa/hotel,English,hotel,a building where you pay to stay the night,Merriam-Webster,https://www.merriam-webster.com/dictionary/hotel,Oxford Learner's,https://www.oxfordlearnersdictionaries.com/us/definition/english/hotel,Portuguese,O [hotel] fica perto da praia.,The hotel is near the beach.,,,,
es-it-cena,twin,Spanish,cena,,"dinner, the evening meal",RAE,https://dle.rae.es/cena,SpanishDict,https://www.spanishdict.com/translate/cena,Italian,cena,"dinner, the evening meal",Treccani,https://www.treccani.it/vocabolario/cena/,De Mauro,https://dizionario.internazionale.it/parola/cena,Spanish,La [cena] está lista.,Dinner is ready.,Italian,La [cena] è pronta.,Dinner is ready.,
es-it-casa,twin,Spanish,casa,,"a house, or home",RAE,https://dle.rae.es/casa,SpanishDict,https://www.spanishdict.com/translate/casa?langFrom=es,Italian,casa,"a house, or home",Treccani,https://www.treccani.it/vocabolario/casa/,De Mauro,https://dizionario.internazionale.it/parola/casa,Spanish,Mi [casa] es pequeña.,My house is small.,Italian,La mia [casa] è piccola.,My house is small.,
es-it-museo,twin,Spanish,museo,,a building where art or old things are shown,RAE,https://dle.rae.es/museo,SpanishDict,https://www.spanishdict.com/translate/museo,Italian,museo,a building where art or old things are shown,Treccani,https://www.treccani.it/vocabolario/museo/,De Mauro,https://dizionario.internazionale.it/parola/museo,Spanish,El [museo] abre a las diez.,The museum opens at ten.,Italian,Il [museo] apre alle dieci.,The museum opens at ten.,
es-pt-mesa,twin,Spanish,mesa,,a table,RAE,https://dle.rae.es/mesa,SpanishDict,https://www.spanishdict.com/translate/mesa,Portuguese,mesa,a table,Priberam,https://dicionario.priberam.org/pt-pt/mesa,Infopédia,https://www.infopedia.pt/dicionarios/lingua-portuguesa/mesa,Spanish,La [mesa] es de madera.,The table is made of wood.,Portuguese,A [mesa] é de madeira.,The table is made of wood.,
es-pt-luz,twin,Spanish,luz,,light (and electric power at home),RAE,https://dle.rae.es/luz,SpanishDict,https://www.spanishdict.com/translate/luz,Portuguese,luz,light (and electric power at home),Priberam,https://dicionario.priberam.org/pt-pt/luz,Infopédia,https://www.infopedia.pt/dicionarios/lingua-portuguesa/luz,Spanish,"Apaga la [luz], por favor.","Turn off the light, please.",Portuguese,"Apaga a [luz], por favor.","Turn off the light, please.",
sv-moped,twin,Swedish,moped,,a small motorbike,synonymer.se,https://www.synonymer.se/sv-en/moped,Woxikon,https://ordbok.woxikon.se/sv-en/moped,English,moped,a small motorbike,Merriam-Webster,https://www.merriam-webster.com/dictionary/moped,Britannica Dictionary,https://www.britannica.com/dictionary/mopeds,Swedish,Han kör [moped] till skolan.,He rides a moped to school.,,,,
sv-tunnel,twin,Swedish,tunnel,,a passage under the ground or through a hill,synonymer.se,https://www.synonymer.se/sv-en/tunnel,Woxikon,https://ordbok.woxikon.se/sv-en/tunnel,English,tunnel,a passage under the ground or through a hill,Merriam-Webster,https://www.merriam-webster.com/dictionary/tunnels,Britannica Dictionary,https://www.britannica.com/dictionary/tunnel,Swedish,Tåget åker genom en lång [tunnel].,The train goes through a long tunnel.,,,,
tr-golf,twin,Turkish,golf,,the game of hitting a small ball into holes,Tureng,https://tureng.com/en/turkish-english/golf,Zargan,https://www.zargan.com/tr/q/golf-ceviri-nedir,English,golf,the game of hitting a small ball into holes,Merriam-Webster,https://www.merriam-webster.com/dictionary/golf,Britannica Dictionary,https://www.britannica.com/dictionary/golf,Turkish,Babam her pazar [golf] oynar.,My dad plays golf every Sunday.,,,,
