card,name,fact,kind,text,truth,source1,url1,source2,url2,source3,url3,source4,url4,evidence
KEN,Kenya,a,data,The equator crosses Kenya: it is one of only 11 UN members whose land it crosses.,,Wikipedia,https://en.wikipedia.org/wiki/Equator,WorldAtlas,https://www.worldatlas.com/articles/countries-on-the-equator.html,,,,,list:equator
KEN,Kenya,b,checked,"Lake Turkana, in northern Kenya, is the largest permanent desert lake in the world.",,Wikipedia,https://en.wikipedia.org/wiki/Lake_Turkana,WorldAtlas,https://www.worldatlas.com/lakes/lake-turkana.html,,,,,H1/KEN-b#1 H1/KEN-b#2
KEN,Kenya,c,checked,Mount Kenya is the second-highest mountain in Africa.,,Wikipedia,https://en.wikipedia.org/wiki/Mount_Kenya,UNESCO World Heritage Centre,https://whc.unesco.org/en/list/800/,,,,,H1/KEN-c#1 H1/KEN-c#2
KEN,Kenya,d,checked,"Lions and black rhinos live in Nairobi National Park, at the edge of Kenya's capital.",,Magical Kenya (Kenya Tourism Board),https://magicalkenya.com/places-to-visit/wilderness-areas/nairobi-national-park,Britannica,https://www.britannica.com/place/Nairobi-National-Park,,,,,H1/KEN-d#5 H1/KEN-d#4
KEN,Kenya,x,invented,"Africa's highest mountain, Kilimanjaro, stands in Kenya.","Kilimanjaro stands in Tanzania, just south of the border with Kenya.",Wikipedia,https://en.wikipedia.org/wiki/Mount_Kilimanjaro,Britannica Kids,https://kids.britannica.com/students/article/Mount-Kilimanjaro/275271,,,,,H1/KEN-x#1 H1/KEN-x#2
ECU,Ecuador,a,checked,"Ecuador is named after the equator, which crosses the country.",,Wikipedia,https://en.wikipedia.org/wiki/Ecuador,Britannica Kids,https://kids.britannica.com/students/article/Ecuador/274119,,,,,H1/ECU-a#1 H1/ECU-a#2
ECU,Ecuador,b,checked,The top of Ecuador's Chimborazo volcano is the point on Earth farthest from the planet's centre.,,Wikipedia,https://en.wikipedia.org/wiki/Chimborazo_(volcano),NOAA,https://oceanservice.noaa.gov/facts/highestpoint.html,,,,,H1/ECU-b#1 H1/ECU-b#2
ECU,Ecuador,c,checked,"Panama hats were first made in Ecuador, not in Panama.",,Wikipedia,https://en.wikipedia.org/wiki/Panama_hat,Britannica Kids,https://kids.britannica.com/students/article/Ecuador/274119,,,,,H1/ECU-c#1 H1/ECU-c#2
ECU,Ecuador,d,checked,Ecuador has used the US dollar as its money since 2000.,,Wikipedia,https://en.wikipedia.org/wiki/Ecuador,Britannica Kids,https://kids.britannica.com/students/article/Ecuador/274119,,,,,H1/ECU-d#1 H1/ECU-d#2
ECU,Ecuador,x,invented,The 'Middle of the World' monument near Quito stands exactly on the equator.,The real equator lies about 240 metres from the monument's line.,Wikipedia,https://en.wikipedia.org/wiki/Ciudad_Mitad_del_Mundo,Infobae,https://www.infobae.com/en/2022/04/24/the-middle-of-the-world-monument-in-ecuador-is-in-the-wrong-place-what-is-the-real-story/,,,,,H1/ECU-x#1 H1/ECU-x#2
PER,Peru,a,data,More than half of Peru's land is forest: about 56%.,,"World Bank, 2023",https://data.worldbank.org/indicator/AG.LND.FRST.ZS?locations=PE,,,,,,,wb:forest:PER
PER,Peru,b,checked,"Lake Titicaca, on Peru's border with Bolivia, is the largest lake in South America by volume.",,Wikipedia,https://en.wikipedia.org/wiki/Lake_Titicaca,WorldAtlas,https://www.worldatlas.com/articles/the-largest-lakes-by-volume-in-each-continent.html,,,,,H1/PER-b#1 H1/PER-b#2
PER,Peru,c,checked,"Peru grows more than 3,000 varieties of potato.",,International Potato Center,https://cipotato.org/pressreleases/peru-center-global-debate-biodiversity/,Smithsonian Magazine,https://www.smithsonianmag.com/smart-news/potatoes-didnt-just-feed-ancient-indigenous-communities-in-the-andes-the-tasty-tubers-also-reshaped-peoples-dna-180988732/,,,,,H1/PER-c#1 H1/PER-c#2
PER,Peru,d,checked,The Amazon River's farthest source lies high in the Andes of Peru.,,Wikipedia,https://en.wikipedia.org/wiki/Amazon_River,National Geographic,https://www.nationalgeographic.com/adventure/article/140213-amazon-river-length-source-maps-science,,,,,H1/PER-d#1 H1/PER-d#2
PER,Peru,x,invented,The equator crosses northern Peru: it is one of only 11 UN members whose land the equator crosses.,"The equator does not cross Peru: in South America it crosses only Ecuador, Colombia and Brazil.",Wikipedia,https://en.wikipedia.org/wiki/Equator,WorldAtlas,https://www.worldatlas.com/articles/countries-on-the-equator.html,UN Statistics Division (M49),https://unstats.un.org/unsd/methodology/m49,Wikipedia,https://en.wikipedia.org/wiki/List_of_countries_and_territories_by_the_United_Nations_geoscheme,list:equator list:regions
BOL,Bolivia,a,checked,Bolivia's Salar de Uyuni is the largest salt flat in the world.,,Wikipedia,https://en.wikipedia.org/wiki/Salar_de_Uyuni,NASA Earth Observatory,https://science.nasa.gov/earth/earth-observatory/an-expanse-of-white-in-bolivia-84853/,,,,,H1/BOL-a#1 H1/BOL-a#2
BOL,Bolivia,b,checked,"Bolivia has two capitals: La Paz, where the government sits, and Sucre, the constitutional capital.",,Wikipedia,https://en.wikipedia.org/wiki/Bolivia,WorldAtlas,https://www.worldatlas.com/cities/countries-with-more-than-one-capital-city.html,,,,,H1/BOL-b#1 H1/BOL-b#2
BOL,Bolivia,c,checked,The cable cars of La Paz and El Alto form the longest urban cable car system in the world.,,Wikipedia,https://en.wikipedia.org/wiki/Mi_Telef%C3%A9rico,Fox News,https://www.foxnews.com/lifestyle/bolivia-set-to-launch-worlds-longest-cable-car-system-in-la-paz.print,,,,,H1/BOL-c#1 H1/BOL-c#3
BOL,Bolivia,d,data,Bolivia has no coast: it is one of 43 landlocked UN members.,,Wikipedia,https://en.wikipedia.org/wiki/Landlocked_country,WorldAtlas,https://www.worldatlas.com/articles/landlocked-countries-of-the-world.html,,,,,list:landlocked
BOL,Bolivia,x,invented,Bolivia is the only one of the 43 landlocked UN members that lies in South America.,Paraguay has no coast either: both are among the 43 landlocked UN members.,Wikipedia,https://en.wikipedia.org/wiki/Landlocked_country,WorldAtlas,https://www.worldatlas.com/articles/landlocked-countries-of-the-world.html,UN Statistics Division (M49),https://unstats.un.org/unsd/methodology/m49,Wikipedia,https://en.wikipedia.org/wiki/List_of_countries_and_territories_by_the_United_Nations_geoscheme,list:landlocked list:regions
CHL,Chile,a,checked,"Chile is more than 4,000 km long, but on average less than 200 km wide.",,Wikipedia,https://en.wikipedia.org/wiki/Chile,Britannica Kids,https://kids.britannica.com/students/article/Chile/273638,,,,,H1/CHL-a#1 H1/CHL-a#2
CHL,Chile,b,checked,Chile's Atacama is the driest desert in the world outside the poles.,,Wikipedia,https://en.wikipedia.org/wiki/Atacama_Desert,Live Science,https://www.livescience.com/64752-atacama-desert.html,,,,,H1/CHL-b#1 H1/CHL-b#2
CHL,Chile,c,checked,Chile mines more copper than any other country.,,Britannica,https://www.britannica.com/place/Chile/Mineral-resources-noncarboniferous,USGS,https://eros.usgs.gov/earthshots/escondida-mine-chile,,,,,H1/CHL-c#2 H1/CHL-c#3
CHL,Chile,d,checked,"Easter Island, with its giant stone statues, belongs to Chile.",,Wikipedia,https://en.wikipedia.org/wiki/Easter_Island,Britannica Kids,https://kids.britannica.com/students/article/Easter-Island/274109,,,,,H1/CHL-d#1 H1/CHL-d#2
CHL,Chile,x,invented,Easter Island's stone heads have no bodies.,Digs have shown that the 'heads' have bodies buried below the ground.,Wikipedia,https://en.wikipedia.org/wiki/Moai,Britannica Kids,https://kids.britannica.com/students/article/Easter-Island/274109,,,,,H1/CHL-x#1 H1/CHL-x#2
BRA,Brazil,a,checked,"Brazil is named after a tree, the brazilwood.",,Wikipedia,https://en.wikipedia.org/wiki/Brazil,Britannica Kids,https://kids.britannica.com/students/article/Brazil/273339,,,,,H1/BRA-a#1 H1/BRA-a#2
BRA,Brazil,b,checked,Brazil borders every country in South America except Chile and Ecuador.,,Wikipedia,https://en.wikipedia.org/wiki/Brazil,Britannica Kids,https://kids.britannica.com/students/article/Brazil/273339,,,,,H1/BRA-b#1 H1/BRA-b#2
BRA,Brazil,c,checked,"Brazil has won the men's football World Cup five times, more than any other country.",,Wikipedia,https://en.wikipedia.org/wiki/FIFA_World_Cup,Britannica,https://www.britannica.com/question/Which-national-team-has-participated-in-every-FIFA-World-Cup,,,,,H1/BRA-c#1 H1/BRA-c#2
BRA,Brazil,d,data,The equator crosses Brazil: it is one of only 11 UN members whose land it crosses.,,Wikipedia,https://en.wikipedia.org/wiki/Equator,WorldAtlas,https://www.worldatlas.com/articles/countries-on-the-equator.html,,,,,list:equator
BRA,Brazil,x,invented,Rio de Janeiro has been Brazil's capital since 1822.,Brasília has been the capital since 1960; Rio de Janeiro was the capital before that.,Wikipedia,https://en.wikipedia.org/wiki/Bras%C3%ADlia,Britannica Kids,https://kids.britannica.com/students/article/Bras%C3%ADlia/273335,,,,,H1/BRA-x#1 H1/BRA-x#2
ARG,Argentina,a,checked,"Aconcagua, in Argentina, is the highest mountain outside Asia.",,Wikipedia,https://en.wikipedia.org/wiki/Aconcagua,WorldAtlas,https://www.worldatlas.com/mountains/mount-aconcagua.html,,,,,H1/ARG-a#1 H1/ARG-a#2
ARG,Argentina,b,data,More than nine in ten people in Argentina live in towns and cities.,,"World Bank, 2025",https://data.worldbank.org/indicator/SP.URB.TOTL.IN.ZS?locations=AR,,,,,,,wb:urban:ARG
ARG,Argentina,c,checked,"Argentina's name comes from 'argentum', a word meaning silver.",,Wikipedia,https://en.wikipedia.org/wiki/Argentina,WorldAtlas,https://www.worldatlas.com/articles/what-country-is-named-after-an-element.html,,,,,H1/ARG-c#1 H1/ARG-c#2
ARG,Argentina,d,data,Argentina is the eighth-largest of the 193 UN members by area.,,"World Bank, 2023",https://data.worldbank.org/indicator/AG.SRF.TOTL.K2?locations=AR,,,,,,,wb:area:ARG
ARG,Argentina,x,invented,Buenos Aires is the southernmost capital of the 193 UN members.,"Wellington, the capital of New Zealand, lies further south.",Wikipedia,https://en.wikipedia.org/wiki/Wellington,WorldAtlas,https://www.worldatlas.com/articles/the-world-s-southernmost-country-capitals.html,,,,,H1/ARG-x#1 H1/ARG-x#2
MEX,Mexico,a,checked,"The biggest pyramid in the world by volume is in Mexico, at Cholula, not in Egypt.",,Wikipedia,https://en.wikipedia.org/wiki/Great_Pyramid_of_Cholula,WorldAtlas,https://www.worldatlas.com/articles/the-largest-pyramids-in-the-world.html,,,,,H1/MEX-a#1 H1/MEX-a#2
MEX,Mexico,b,checked,"In places, Mexico City is sinking by more than 30 cm a year.",,Wikipedia,https://en.wikipedia.org/wiki/Mexico_City,National Geographic,https://www.nationalgeographic.com/environment/article/these-cities-are-sinking-into-the-ground,,,,,H1/MEX-b#1 H1/MEX-b#5
MEX,Mexico,c,checked,Wild axolotls survive only in a few lakes and canals of the Mexico City area.,,Britannica,https://www.britannica.com/animal/axolotl,National Geographic,https://www.nationalgeographic.com/animals/amphibians/facts/axolotl,,,,,H1/MEX-c#2 H1/MEX-c#3
MEX,Mexico,d,checked,"Maize was first grown in southern Mexico, about 9,000 years ago.",,Wikipedia,https://en.wikipedia.org/wiki/Maize,Smithsonian Magazine,https://www.smithsonianmag.com/smart-news/rethinking-corny-history-maize-180971038/,,,,,H1/MEX-d#1 H1/MEX-d#2
MEX,Mexico,x,invented,"Tomatoes reached Mexico from Italy, on Spanish ships in the 1600s.",Tomatoes come from the Americas: the Spanish brought them from Mexico to Europe in the 1500s.,Wikipedia,https://en.wikipedia.org/wiki/Tomato,Smithsonian Magazine,https://www.smithsonianmag.com/arts-culture/why-the-tomato-was-feared-in-europe-for-more-than-200-years-863735/,,,,,H1/MEX-x#1 H1/MEX-x#3
SUR,Suriname,a,data,"About 94% of Suriname's land is forest, the highest share of all 193 UN members.",,"World Bank, 2023",https://data.worldbank.org/indicator/AG.LND.FRST.ZS?locations=SR,,,,,,,wb:forest:SUR
SUR,Suriname,b,data,"Suriname drives on the left, one of only two countries in South America that do.",,Wikipedia,https://en.wikipedia.org/wiki/Left-_and_right-hand_traffic,WorldAtlas,https://www.worldatlas.com/articles/list-of-countries-who-drive-on-the-left.html,UN Statistics Division (M49),https://unstats.un.org/unsd/methodology/m49,Wikipedia,https://en.wikipedia.org/wiki/List_of_countries_and_territories_by_the_United_Nations_geoscheme,list:left list:regions
SUR,Suriname,c,data,Suriname is the smallest country in South America by area.,,"World Bank, 2023",https://data.worldbank.org/indicator/AG.SRF.TOTL.K2?locations=SR,UN Statistics Division (M49),https://unstats.un.org/unsd/methodology/m49,Wikipedia,https://en.wikipedia.org/wiki/List_of_countries_and_territories_by_the_United_Nations_geoscheme,,,wb:area:SUR list:regions
SUR,Suriname,d,checked,"Dutch is the official language of Suriname, the only country in South America where it is.",,Wikipedia,https://en.wikipedia.org/wiki/Suriname,Britannica Kids,https://kids.britannica.com/students/article/Suriname/277970,,,,,H1/SUR-d#1 H1/SUR-d#2
SUR,Suriname,x,invented,"Suriname is one of the 25 UN members that use the euro, a link to its Dutch past.",Suriname is not among the 25 UN members that use the euro.,European Commission,https://economy-finance.ec.europa.eu/euro/what-euro-area_en,Wikipedia,https://en.wikipedia.org/wiki/Eurozone,,,,,list:euro
CAN,Canada,a,checked,Canada has the longest coastline of any country in the world.,,Wikipedia,https://en.wikipedia.org/wiki/Canada,Statistics Canada,https://www150.statcan.gc.ca/n1/pub/11-402-x/2012000/chap/geo/geo01-eng.htm,,,,,H1/CAN-a#1 H1/CAN-a#2
CAN,Canada,b,checked,Newfoundland's clocks run half an hour ahead of the rest of Atlantic Canada.,,Wikipedia,https://en.wikipedia.org/wiki/Newfoundland_Time_Zone,Britannica Kids,https://kids.britannica.com/students/article/Newfoundland-and-Labrador/276063,,,,,H1/CAN-b#1 H1/CAN-b#2
CAN,Canada,c,checked,"In 1947 Snag, in Yukon, recorded −63 °C, the coldest ever measured in mainland North America.",,Wikipedia,"https://en.wikipedia.org/wiki/Snag,_Yukon",World Meteorological Organization,https://wmo.int/sites/default/files/2024-07/Table_Records_02Jul2024.pdf,,,,,H1/CAN-c#1 H1/CAN-c#2
CAN,Canada,d,data,Canada has fewer than 5 people per square kilometre of land.,,"World Bank, 2023",https://data.worldbank.org/indicator/EN.POP.DNST?locations=CA,,,,,,,wb:dense:CAN
CAN,Canada,x,invented,"Canada's official national animal is the moose, made a national symbol by law in 1975.","Canada's national animal is the beaver, an official symbol since 1975.",Government of Canada,https://www.canada.ca/en/canadian-heritage/services/official-symbols-canada.html,Wikipedia,https://en.wikipedia.org/wiki/National_symbols_of_Canada,,,,,H1/CAN-x#1 H1/CAN-x#2
ISL,Iceland,a,checked,About 9 in 10 homes in Iceland are heated with hot water from underground.,,Wikipedia,https://en.wikipedia.org/wiki/Geothermal_power_in_Iceland,Visit Iceland,https://visiticeland.com/article/renewable-energy,,,,,H2/ISL-a#1 H2/ISL-a#2
ISL,Iceland,b,checked,Strong beer was banned in Iceland until 1989.,,Wikipedia,https://en.wikipedia.org/wiki/Beer_in_Iceland,VOA Learning English,https://learningenglish.voanews.com/amp/happy-beer-day-iceland-marks-30th-anniversary-of-end-of-ban/4809730.html,,,,,H2/ISL-b#1 H2/ISL-b#2
ISL,Iceland,c,checked,An Icelandic horse that leaves Iceland may never come back.,,Wikipedia,https://en.wikipedia.org/wiki/Icelandic_horse,Insight Guides,https://www.insightguides.com/inspire-me/blog/icelandic-horses,,,,,H2/ISL-c#1 H2/ISL-c#2
ISL,Iceland,d,checked,There are no passenger trains in Iceland.,,Wikipedia,https://en.wikipedia.org/wiki/Iceland,Visit Iceland,https://www.visiticeland.com/article/public-transport/,,,,,H2/ISL-d#1 H2/ISL-d#2
ISL,Iceland,x,invented,In midwinter the sun does not rise over Reykjavík at all for weeks.,"Even on the shortest day the sun rises over Reykjavík, for about four hours.",Wikipedia,https://en.wikipedia.org/wiki/Reykjav%C3%ADk,timeanddate.com,https://www.timeanddate.com/sun/iceland/reykjavik?month=12,,,,,H2/ISL-x#1 R1/ISL-x#2
FIN,Finland,a,checked,"Finland has about 3.3 million saunas, for 5.5 million people.",,UNESCO,https://ich.unesco.org/en/RL/sauna-culture-in-finland-01596?RL=01596,Embassy of Finland in Belgrade,https://finlandabroad.fi/web/srb/current-affairs/-/asset_publisher/h5w4iTUJhNne/content/finnish-sauna-culture/384951,,,,,H2/FIN-a#1 H2/FIN-a#2
FIN,Finland,b,checked,"Finland has 187,888 lakes, counting every lake larger than 500 square metres.",,Wikipedia,https://en.wikipedia.org/wiki/List_of_lakes_of_Finland,National Geographic Kids,https://kids.nationalgeographic.com/geography/countries/article/finland,,,,,H2/FIN-b#1 H2/FIN-b#2
FIN,Finland,c,data,"About three quarters of Finland's land is forest, the highest share in Europe.",,"World Bank, 2023",https://data.worldbank.org/indicator/AG.LND.FRST.ZS?locations=FI,UN Statistics Division (M49),https://unstats.un.org/unsd/methodology/m49,Wikipedia,https://en.wikipedia.org/wiki/List_of_countries_and_territories_by_the_United_Nations_geoscheme,,,wb:forest:FIN list:regions
FIN,Finland,d,data,Finland is one of 14 UN members that share a land border with Russia.,,Wikipedia,https://en.wikipedia.org/wiki/Borders_of_Russia,WorldAtlas,https://www.worldatlas.com/articles/what-countries-border-russia.html,,,,,list:russia
FIN,Finland,x,invented,Helsinki is the world's northernmost capital city.,"Reykjavík, Iceland's capital, is the world's northernmost capital of an independent country.",Wikipedia,https://en.wikipedia.org/wiki/Reykjav%C3%ADk,WorldAtlas,https://www.worldatlas.com/articles/the-world-s-northernmost-country-capitals.html,,,,,H2/FIN-x#1 R1/FIN-x#2
NOR,Norway,a,checked,"Norway's Lærdal Tunnel, 24.5 km long, is the longest road tunnel in the world.",,Visit Norway,https://www.visitnorway.com/listings/lærdalstunnelen-worlds-longest-road-tunnel/12205/,National Geographic,https://www.nationalgeographic.com/travel/article/the-longest-tunnel-in-the-world,,,,,H2/NOR-a#1 H2/NOR-a#2
NOR,Norway,b,checked,"The cheese slicer was invented in Norway, in 1925.",,Wikipedia,https://en.wikipedia.org/wiki/Thor_Bj%C3%B8rklund,Norwegian Industrial Property Office,https://www.patentstyret.no/en/customer-stories/cheese-slicer-for-100-years,,,,,H2/NOR-b#1 H2/NOR-b#2
NOR,Norway,c,checked,Norway keeps a seed vault on Svalbard with seeds from most countries in the world.,,Crop Trust,https://www.croptrust.org/our-work/svalbard-global-seed-vault/,Svalbard Global Seed Vault,https://www.seedvault.no/about/the-seeds/,,,,,H2/NOR-c#1 H2/NOR-c#2
NOR,Norway,d,data,Norway is one of 14 UN members that share a land border with Russia.,,Wikipedia,https://en.wikipedia.org/wiki/Borders_of_Russia,WorldAtlas,https://www.worldatlas.com/articles/what-countries-border-russia.html,,,,,list:russia
NOR,Norway,x,invented,"Norway's flag, first raised in 1821, is the oldest national flag in the world still in use.","Denmark's flag, in use since 1625, is the oldest national flag still in use.",Guinness World Records,https://www.guinnessworldrecords.com/world-records/oldest-continuously-used-national-flag,Wikipedia,https://en.wikipedia.org/wiki/Dannebrog,,,,,H2/NOR-x#1 H2/NOR-x#2
NLD,Netherlands,a,checked,About a quarter of the Netherlands lies below sea level.,,Wikipedia,https://en.wikipedia.org/wiki/Netherlands,PBL Netherlands Environmental Assessment Agency,https://www.pbl.nl/en/correction-wording-flood-risks-for-the-netherlands-in-ipcc-report,,,,,H2/NLD-a#1 H2/NLD-a#2
NLD,Netherlands,b,checked,The Netherlands has more bicycles than people.,,Government of the Netherlands,https://www.government.nl/themes/transport/bicycles,Holland.com,https://www.holland.com/global/press/news-resources/the-rise-of-the-netherlands-as-a-cycling-nation-a-deep-dive,,,,,H2/NLD-b#1 H2/NLD-b#2
NLD,Netherlands,c,checked,"Amsterdam is the capital of the Netherlands, but the government sits in The Hague.",,Wikipedia,https://en.wikipedia.org/wiki/Netherlands,Britannica Kids,https://kids.britannica.com/students/article/Netherlands/276057,,,,,H2/NLD-c#1 H2/NLD-c#2
NLD,Netherlands,d,checked,"Tulips reached the Netherlands in the 1500s, by way of Vienna.",,Wikipedia,https://en.wikipedia.org/wiki/Tulip_mania,Microbiology Society,https://microbiologysociety.org/asset/5F3178FD%2D5CA2%2D4390%2D87AF707FC33619A0/,,,,,H2/NLD-d#1 H2/NLD-d#2
NLD,Netherlands,x,invented,'Holland' is the official name of the whole country.,"Holland is only a region: two of the country's twelve provinces, North and South Holland.",Wikipedia,https://en.wikipedia.org/wiki/Netherlands,Britannica Kids,https://kids.britannica.com/students/article/Netherlands/276057,,,,,H2/NLD-x#1 H2/NLD-x#2
ITA,Italy,a,checked,"Venice is built on 118 small islands, linked by about 400 bridges.",,Wikipedia,https://en.wikipedia.org/wiki/Venice,Britannica,https://www.britannica.com/summary/Venice,,,,,H2/ITA-a#1 H2/ITA-a#2
ITA,Italy,b,checked,Italy completely surrounds another country: San Marino.,,Wikipedia,https://en.wikipedia.org/wiki/San_Marino,Britannica Kids,https://kids.britannica.com/students/article/Italy/275105,,,,,H2/ITA-b#1 H2/ITA-b#2
ITA,Italy,c,checked,"Mount Etna, in Sicily, is one of the highest active volcanoes in Europe.",,Britannica,https://www.britannica.com/summary/Mount-Etna,Wikipedia,https://en.wikipedia.org/wiki/Mount_Etna,,,,,H2/ITA-c#1 H2/ITA-c#2
ITA,Italy,d,checked,The Stelvio Pass road in the Italian Alps has 48 hairpin bends on one side.,,Val Venosta tourism,https://www.venosta.net/en/prad-am-stilfserjoch/mountain-holidays/biking-cycling/road-cycling.html,BIKE magazine,https://www.bike-magazin.de/en/tours/switzerland/car-free-mountain-passes-2026-stelvio-pass-queen-of-the-hairpin-bends/,,,,,H2/ITA-d#1 H2/ITA-d#2
ITA,Italy,x,invented,The Leaning Tower of Pisa was meant to lean from the very start.,"The tower began to lean while it was being built, because the ground under it was too soft.",Wikipedia,https://wikipedia.com/wiki/Tower_of_Pisa,Mental Floss,https://www.mentalfloss.com/culture/architecture/why-does-leaning-tower-pisa-lean,,,,,H2/ITA-x#1 H2/ITA-x#2
ESP,Spain,a,checked,"Madrid's Sobrino de Botín, open since 1725, holds the record as the world's oldest restaurant.",,Guinness World Records,https://www.guinnessworldrecords.com/world-records/73615-oldest-operating-restaurant,Wikipedia,https://en.wikipedia.org/wiki/Sobrino_de_Bot%C3%ADn,,,,,H2/ESP-a#1 H2/ESP-a#2
ESP,Spain,b,checked,Spain's national anthem has no official words.,,Wikipedia,https://en.wikipedia.org/wiki/Marcha_Real,Guinness World Records,https://www.guinnessworldrecords.es/world-records/682899-oldest-wordless-national-anthem,,,,,H2/ESP-b#1 H2/ESP-b#2
ESP,Spain,c,checked,Spain produces more olive oil than any other country.,,Wikipedia,https://en.wikipedia.org/wiki/Olive_oil,International Olive Council,https://www.internationaloliveoil.org/wp-content/uploads/2019/12/CADENADEVALOR-ENG.pdf,,,,,H2/ESP-c#1 H2/ESP-c#2
ESP,Spain,d,checked,"Spain's highest mountain, Teide, is a volcano on the island of Tenerife.",,Wikipedia,https://en.wikipedia.org/wiki/Teide,UNESCO World Heritage Centre,https://whc.unesco.org/en/list/1258,,,,,H2/ESP-d#1 H2/ESP-d#2
ESP,Spain,x,invented,"La Tomatina, the tomato fight in the Spanish town of Buñol, has been held every year since the 1700s.",La Tomatina began in 1945.,Spain.info,https://www.spain.info/en/calendar/la-tomatina/,Gulf News,https://gulfnews.com/world/spains-tomatina-turns-80-thousands-join-worlds-biggest-tomato-fight-1.500248271,,,,,H2/ESP-x#1 H2/ESP-x#2
FRA,France,a,checked,The Eiffel Tower was only meant to stand for 20 years.,,Eiffel Tower (official site),https://www.toureiffel.paris/en/news/130-years/why-was-eiffel-tower-kept,History.com,https://www.history.com/articles/eiffel-tower-survival,,,,,R1/FRA-a#1 R1/FRA-a#2
FRA,France,b,checked,"France's longest land border is with Brazil, through French Guiana in South America.",,Wikipedia,https://en.wikipedia.org/wiki/Brazil%E2%80%93France_border,French Senate,https://www.senat.fr/rap/r22-846/r22-8463.html,,,,,H2/FRA-b#1 R1/FRA-b#2
FRA,France,c,checked,"France spans 12 time zones, more than any other country, thanks to its overseas lands.",,Wikipedia,https://en.wikipedia.org/wiki/Time_in_France,timeanddate.com,https://www.timeanddate.com/time/country-with-the-most-time-zones.html,,,,,H2/FRA-c#1 H2/FRA-c#2
FRA,France,d,checked,"The oldest surviving photograph taken with a camera was made in France, around 1827.",,Wikipedia,https://en.wikipedia.org/wiki/View_from_the_Window_at_Le_Gras,Harry Ransom Center,https://www.hrc.utexas.edu/press/releases/2012/first-photograph-to-travel.html,,,,,R1/FRA-d#1 R1/FRA-d#2
FRA,France,x,invented,The Eiffel Tower is the tallest structure of any kind in France.,"The Millau Viaduct, 343 m at its highest point, is taller than the Eiffel Tower.",France.fr,https://www.france.fr/en/article/viaduc-millau/,RTÉ News,https://www.rte.ie/news/2004/1214/57847-bridge,,,,,H2/FRA-x#1 H2/FRA-x#2
PRT,Portugal,a,checked,"Lisbon's Bertrand bookshop, open since 1732, is the oldest bookshop still working in the world.",,Guinness World Records,https://www.guinnessworldrecords.com/world-records/longest-running-bookshop-,Wikipedia,https://en.wikipedia.org/wiki/Livraria_Bertrand,,,,,H2/PRT-a#1 H2/PRT-a#2
PRT,Portugal,b,checked,Portugal produces about half of the world's cork.,,Wikipedia,https://en.wikipedia.org/wiki/Cork_(material),Euronews,https://www.euronews.com/my-europe/2026/09/11/from-bottle-stoppers-to-rockets-how-portugal-is-reinventing-cork,,,,,H2/PRT-b#1 H2/PRT-b#2
PRT,Portugal,c,checked,"The English word 'marmalade' comes from the Portuguese 'marmelada', a quince paste.",,Wikipedia,https://en.wikipedia.com/wiki/Marmalade,Merriam-Webster,https://prod-ccroc-direct.merriam-webster.com/dictionary/marmalade,,,,,H2/PRT-c#1 H2/PRT-c#2
PRT,Portugal,d,checked,"Fado, the songs of Lisbon, is on UNESCO's list of the intangible heritage of humanity.",,UNESCO,https://ich.unesco.org/en/RL/fado-urban-popular-song-of-portugal-00563/,Wikipedia,https://en.wikipedia.org/wiki/List_of_Intangible_Cultural_Heritage_elements_in_Portugal,,,,,H2/PRT-d#1 H2/PRT-d#2
PRT,Portugal,x,invented,Portugal is one of the 21 UN members with a coast on the Mediterranean Sea.,Portugal is not among the 21 UN members with a coast on the Mediterranean Sea.,Wikipedia,https://en.wikipedia.org/wiki/Mediterranean_Sea,WorldAtlas,https://www.worldatlas.com/geography/mediterranean-countries.html,,,,,list:med
MCO,Monaco,a,data,"Monaco is the most crowded of the 193 UN members: about 18,700 people per square kilometre of land.",,"World Bank, 2023",https://data.worldbank.org/indicator/EN.POP.DNST?locations=MC,,,,,,,wb:dense:MCO
MCO,Monaco,b,data,Monaco has the longest life expectancy of the 193 UN members: 86.5 years at birth.,,"World Bank, 2024",https://data.worldbank.org/indicator/SP.DYN.LE00.IN?locations=MC,,,,,,,wb:life:MCO
MCO,Monaco,c,checked,The Monaco Grand Prix was first raced through the streets of Monaco in 1929.,,Wikipedia,https://en.wikipedia.org/wiki/Monaco_Grand_Prix,Automobile Club de Monaco,https://acm.mc/en/automobile-club/the-club/lautomobile-club-de-monaco/history/,,,,,H2/MCO-c#1 H2/MCO-c#2
MCO,Monaco,d,checked,"Monaco's Oceanographic Museum, opened in 1910, was once run by Jacques Cousteau.",,Wikipedia,https://en.wikipedia.org/wiki/Oceanographic_Museum,Le Routard,https://www.routard.com/fr/guide/france/cote-d-azur/principaute-de-monaco/monaco-ville-le-rocher/musee-oceanographique,,,,,H2/MCO-d#1 H2/MCO-d#2
MCO,Monaco,x,invented,"Monaco pays with its own money, the Monegasque franc, not with the euro.",Monaco uses the euro: it is one of the 25 UN members that do.,European Commission,https://economy-finance.ec.europa.eu/euro/what-euro-area_en,Wikipedia,https://en.wikipedia.org/wiki/Eurozone,,,,,list:euro
LIE,Liechtenstein,a,checked,Liechtenstein is one of only two doubly landlocked countries: all its neighbours have no coast either.,,Wikipedia,https://en.wikipedia.org/wiki/Liechtenstein,WorldAtlas,https://www.worldatlas.com/articles/doubly-landlocked-countries.html,,,,,H2/LIE-a#1 H2/LIE-a#2
LIE,Liechtenstein,b,checked,Liechtenstein is one of the world's biggest makers of false teeth.,,WorldAtlas,https://www.worldatlas.com/articles/interesting-facts-about-liechtenstein.html,In Your Pocket,https://www.inyourpocket.com/vaduz/top-5-souvenirs-from-liechtenstein_76999f,,,,,H2/LIE-b#1 H2/LIE-b#2
LIE,Liechtenstein,c,checked,Liechtenstein has no airport of its own.,,Wikipedia,https://en.wikipedia.org/wiki/Liechtenstein,WorldAtlas,https://www.worldatlas.com/articles/countries-who-do-not-have-an-airport.html,,,,,H2/LIE-c#1 H2/LIE-c#2
LIE,Liechtenstein,d,data,"Only about 15% of Liechtenstein's people live in towns and cities, the lowest share of the 193 UN members.",,"World Bank, 2025",https://data.worldbank.org/indicator/SP.URB.TOTL.IN.ZS?locations=LI,,,,,,,wb:urban:LIE
LIE,Liechtenstein,x,invented,"Liechtenstein, about 160 km² in size, is the smallest country in Europe.","San Marino is smaller: about 60 km², against Liechtenstein's 160 km².","World Bank, 2023",https://data.worldbank.org/indicator/AG.SRF.TOTL.K2?locations=SM,"World Bank, 2023",https://data.worldbank.org/indicator/AG.SRF.TOTL.K2?locations=LI,,,,,wb:area:SMR wb:area:LIE
TUR,Türkiye,a,checked,"Istanbul lies on two continents, Europe and Asia.",,Wikipedia,https://en.wikipedia.org/wiki/Istanbul,Britannica,https://www.britannica.com/place/Istanbul,,,,,H3/TUR-a#1 H3/TUR-a#2
TUR,Türkiye,b,checked,Türkiye grows most of the world's hazelnuts.,,FAO,https://www.fao.org/3/X4484E/x4484e03.htm,Atatürk University,https://avesis.atauni.edu.tr/yayin/04faa2ea-fa13-4f07-91d4-0b58309550c1/the-role-of-turkey-in-the-world-hazelnut-production-and-exporting,,,,,H3/TUR-b#1 H3/TUR-b#2
TUR,Türkiye,c,checked,"Derinkuyu, an ancient underground city carved into the rock of Cappadocia, goes down about 85 m.",,Wikipedia,https://en.wikipedia.org/wiki/Derinkuyu_underground_city,Turkish Ministry of Culture and Tourism,https://muze.gov.tr/muze-detay?DistId=DKY&SectionId=DKY01,,,,,H3/TUR-c#1 H3/TUR-c#2
TUR,Türkiye,d,checked,The white terraces of Pamukkale were made by water from hot springs.,,UNESCO World Heritage Centre,https://whc.unesco.org/en/list/485/,Wikipedia,https://en.wikipedia.org/wiki/Pamukkale,,,,,H3/TUR-d#1 H3/TUR-d#2
TUR,Türkiye,x,invented,"Istanbul, the largest city in Türkiye, is also its capital.",Ankara has been the capital since 1923; Istanbul is the largest city.,Wikipedia,https://en.wikipedia.org/wiki/Ankara,Britannica Kids,https://kids.britannica.com/students/article/Turkey/277465,,,,,H3/TUR-x#1 H3/TUR-x#2
AZE,Azerbaijan,a,checked,"Baku, about 28 m below sea level, is the lowest-lying national capital in the world.",,Wikipedia,https://en.wikipedia.org/wiki/Baku,WorldAtlas,https://www.worldatlas.com/articles/the-world-s-lowest-capital-cities.html,,,,,H3/AZE-a#1 H3/AZE-a#2
AZE,Azerbaijan,b,checked,About half of all the mud volcanoes on Earth are in and around Azerbaijan.,,Wikipedia,https://en.wikipedia.org/wiki/Mud_volcanoes_in_Azerbaijan,Guinness World Records,https://www.guinnessworldrecords.com/world-records/largest-mud-volcano,,,,,H3/AZE-b#1 H3/AZE-b#3
AZE,Azerbaijan,c,checked,"At Yanar Dag, near Baku, a hillside burns day and night, fed by gas seeping from the ground.",,Wikipedia,https://en.wikipedia.org/wiki/Yanar_Dag,Yanar Dag reserve,https://yanardag.az/en/about/index,,,,,H3/AZE-c#1 H3/AZE-c#2
AZE,Azerbaijan,d,checked,In 1846 one of the world's first drilled oil wells was sunk near Baku.,,Wikipedia,https://en.wikipedia.org/wiki/Baku,WorldAtlas,https://www.worldatlas.com/articles/what-is-the-capital-city-of-azerbaijan.html,,,,,H3/AZE-d#1 H3/AZE-d#2
AZE,Azerbaijan,x,invented,Azerbaijan has coasts on two seas: the Caspian and the Black Sea.,Azerbaijan has no coast on the Black Sea or any ocean: it is one of the 43 landlocked UN members.,Wikipedia,https://en.wikipedia.org/wiki/Landlocked_country,WorldAtlas,https://www.worldatlas.com/articles/landlocked-countries-of-the-world.html,,,,,list:landlocked
KAZ,Kazakhstan,a,data,Kazakhstan is the largest landlocked country in the world.,,Wikipedia,https://en.wikipedia.org/wiki/Landlocked_country,WorldAtlas,https://www.worldatlas.com/articles/landlocked-countries-of-the-world.html,"World Bank, 2023",https://data.worldbank.org/indicator/AG.SRF.TOTL.K2?locations=KZ,,,list:landlocked wb:area:KAZ
KAZ,Kazakhstan,b,checked,"The first person in space, Yuri Gagarin, was launched from Baikonur, in Kazakhstan, in 1961.",,Wikipedia,https://en.wikipedia.org/wiki/Vostok_1,The Planetary Society,https://planetary.org/space-missions/vostok-1,,,,,H3/KAZ-b#1 H3/KAZ-b#2
KAZ,Kazakhstan,c,checked,The wild ancestor of the apple still grows in the mountains of Kazakhstan.,,Wikipedia,https://en.wikipedia.org/wiki/Malus_sieversii,Nature Communications,https://www.nature.com/articles/s41467-017-00336-7,,,,,H3/KAZ-c#1 H3/KAZ-c#2
KAZ,Kazakhstan,d,checked,"Kazakhstan has a shore on the Caspian, the largest inland sea in the world.",,Wikipedia,https://en.wikipedia.org/wiki/Caspian_Sea,Britannica Kids,https://kids.britannica.com/students/article/Caspian-Sea/273550,,,,,H3/KAZ-d#1 H3/KAZ-d#2
KAZ,Kazakhstan,x,invented,"Almaty, near the mountains of the south-east, is the capital of Kazakhstan.",Astana has been the capital since 1997; Almaty is the largest city.,Wikipedia,https://en.wikipedia.org/wiki/Kazakhstan,Britannica Kids,https://kids.britannica.com/students/article/Kazakhstan/275237,,,,,H3/KAZ-x#1 H3/KAZ-x#2
MNG,Mongolia,a,data,"Mongolia has about 2 people per square kilometre of land, the fewest of the 193 UN members.",,"World Bank, 2023",https://data.worldbank.org/indicator/EN.POP.DNST?locations=MN,,,,,,,wb:dense:MNG
MNG,Mongolia,b,checked,Mongolia has only two neighbours: Russia and China.,,Wikipedia,https://en.wikipedia.org/wiki/Mongolia,WorldAtlas,https://www.worldatlas.com/articles/which-countries-border-mongolia.html,,,,,H3/MNG-b#1 H3/MNG-b#2
MNG,Mongolia,c,checked,Ulaanbaatar is the coldest capital city in the world.,,Wikipedia,https://en.wikipedia.org/wiki/Ulaanbaatar,WorldAtlas,https://www.worldatlas.com/cities/the-coldest-capital-cities-in-the-world.html,,,,,H3/MNG-c#1 H3/MNG-c#2
MNG,Mongolia,d,checked,In 1923 explorers in Mongolia's Gobi Desert found the first dinosaur eggs known to science.,,Wikipedia,https://en.wikipedia.org/wiki/Gobi_Desert,American Museum of Natural History,https://www.amnh.org/explore/news-blogs/news-posts/happy-birthday-roy-chapman-andrews,,,,,H3/MNG-d#1 R1/MNG-d#2
MNG,Mongolia,x,invented,"The tomb of Genghis Khan, found in 1990, stands on a hill near Ulaanbaatar.",Nobody knows where Genghis Khan was buried: his tomb has never been found.,History.com,https://www.history.com/articles/10-things-you-may-not-know-about-genghis-khan,Wikipedia,https://en.wikipedia.org/wiki/Genghis_Khan,,,,,H3/MNG-x#1 H3/MNG-x#2
NPL,Nepal,a,checked,Nepal's flag is the only national flag that is not a rectangle.,,Wikipedia,https://en.wikipedia.org/wiki/Flag_of_Nepal,Britannica,https://kids.britannica.com/scholars/article/flag-of-Nepal/93923,,,,,H3/NPL-a#1 H3/NPL-a#2
NPL,Nepal,b,checked,"Nepal's clocks are set 5 hours 45 minutes ahead of UTC, one of only three such 45-minute time zones.",,Wikipedia,https://en.wikipedia.org/wiki/Nepal_Standard_Time,timeanddate.com,https://www.timeanddate.com/time/zone/nepal,,,,,H3/NPL-b#1 H3/NPL-b#2
NPL,Nepal,c,checked,Eight of the world's ten highest mountains are in Nepal or on its borders.,,Wikipedia,https://en.wikipedia.org/wiki/Nepal,OnlineKhabar,https://english.onlinekhabar.com/?p=405643,,,,,H3/NPL-c#1 H3/NPL-c#2
NPL,Nepal,d,data,Nepal is one of 54 UN members that drive on the left.,,Wikipedia,https://en.wikipedia.org/wiki/Left-_and_right-hand_traffic,WorldAtlas,https://www.worldatlas.com/articles/list-of-countries-who-drive-on-the-left.html,,,,,list:left
NPL,Nepal,x,invented,"Mount Everest stands entirely inside Nepal, about 20 km from the border with China.",Everest's summit lies on the border between Nepal and China.,Wikipedia,https://en.wikipedia.org/wiki/Mount_Everest,Britannica,https://www.britannica.com/place/Mount-Everest,,,,,H3/NPL-x#1 H3/NPL-x#2
IND,India,a,data,India has more people than any other country: about 1.46 billion.,,"World Bank, 2025",https://data.worldbank.org/indicator/SP.POP.TOTL?locations=IN,,,,,,,wb:pop:IND
IND,India,b,checked,"India has the largest postal network in the world, with about 165,000 post offices.",,India Post,https://www.indiapost.gov.in/po-network,Wikipedia,https://en.wikipedia.org/wiki/India_Post,,,,,H3/IND-b#1 H3/IND-b#2
IND,India,c,checked,"Chess grew out of chaturanga, a game played in India about 1,400 years ago.",,Wikipedia,https://en.wikipedia.org/wiki/History_of_chess,Britannica,https://www.britannica.com/topic/chaturanga,,,,,H3/IND-c#1 H3/IND-c#2
IND,India,d,checked,The English word 'shampoo' comes from Hindi.,,Wikipedia,https://en.wikipedia.org/wiki/Shampoo,Online Etymology Dictionary,https://www.etymonline.com/search?q=shampoo,,,,,H3/IND-d#1 H3/IND-d#2
IND,India,x,invented,"India uses two time zones, one for the east and one for the west.","All of India runs on one time, India Standard Time, 5 hours 30 minutes ahead of UTC.",Wikipedia,https://en.wikipedia.org/wiki/Indian_Standard_Time,timeanddate.com,https://www.timeanddate.com/time/current-number-time-zones.html,,,,,H3/IND-x#1 H3/IND-x#2
CHN,China,a,checked,"China runs on a single time zone, Beijing Time, across its whole width.",,Wikipedia,https://en.wikipedia.org/wiki/Time_zone,timeanddate.com,https://www.timeanddate.com/time/current-number-time-zones.html,,,,,H3/CHN-a#1 H3/CHN-a#2
CHN,China,b,checked,Giant pandas live in the wild only in China.,,Wikipedia,https://en.wikipedia.org/wiki/Giant_panda,Smithsonian's National Zoo,https://nationalzoo.si.edu/animals/giant-panda,,,,,H3/CHN-b#1 H3/CHN-b#2
CHN,China,c,checked,"China and Russia each border 14 countries, more than any other country.",,Wikipedia,https://en.wikipedia.org/wiki/Borders_of_China,WorldAtlas,https://www.worldatlas.com/articles/countries-bordering-the-highest-number-of-other-countries.html,,,,,H3/CHN-c#1 H3/CHN-c#2
CHN,China,d,checked,"Paper was invented in China, about 2,000 years ago.",,Britannica,https://www.britannica.com/biography/Cai-Lun,Wikipedia,https://en.wikipedia.org/wiki/Cai_Lun,,,,,H3/CHN-d#1 H3/CHN-d#2
CHN,China,x,invented,The Great Wall of China is the only human-made structure you can see from the Moon with the naked eye.,It cannot be seen from the Moon: NASA says it is difficult or impossible to see even from Earth orbit.,NASA,https://www.nasa.gov/vision/space/workinginspace/great_wall.html,Wikipedia,https://en.wikipedia.org/wiki/Great_Wall_of_China,,,,,H3/CHN-x#1 H3/CHN-x#2
JPN,Japan,a,checked,"In 2023 Japan recounted its islands and found 14,125, about twice the old count of 6,852.",,Wikipedia,https://en.wikipedia.org/wiki/List_of_islands_of_Japan,NPR (via OPB),https://www.opb.org/article/2023/02/17/japan-recounted-its-islands-now-geographers-say-there-may-be-7000-more-of-them,,,,,H3/JPN-a#1 H3/JPN-a#2
JPN,Japan,b,checked,"Japan's Nishiyama Onsen Keiunkan, open since 705, is the oldest hotel in the world.",,Guinness World Records,https://www.guinnessworldrecords.com/world-records/oldest-hotel,Wikipedia,https://en.wikipedia.org/wiki/Nishiyama_Onsen_Keiunkan,,,,,H3/JPN-b#1 H3/JPN-b#2
JPN,Japan,c,checked,"Japan has 111 active volcanoes, by the official count.",,Japan Meteorological Agency,https://ds.data.jma.go.jp/svd/vois/data/filing/bulletin/catalog/notes_v.html,Japan Tourism Agency,https://www.mlit.go.jp/tagengo-db/en/R1-02677.html,,,,,H3/JPN-c#1 H3/JPN-c#2
JPN,Japan,d,data,About two thirds of Japan's land is forest.,,"World Bank, 2023",https://data.worldbank.org/indicator/AG.LND.FRST.ZS?locations=JP,,,,,,,wb:forest:JPN
JPN,Japan,x,invented,"Mount Fuji last erupted in 1951, covering Tokyo, 100 km away, in a thin layer of ash.",Mount Fuji's last eruption began in 1707.,Wikipedia,https://en.wikipedia.org/wiki/Mount_Fuji,Smithsonian Global Volcanism Program,https://volcano.si.edu/volcano.cfm?vn=283030,,,,,H3/JPN-x#1 H3/JPN-x#2
PHL,Philippines,a,checked,"The Philippines is made up of 7,641 islands.",,Wikipedia,https://en.wikipedia.org/wiki/Geography_of_the_Philippines,WorldAtlas,https://www.worldatlas.com/articles/how-many-islands-are-there-in-the-philippines.html,,,,,H3/PHL-a#1 H3/PHL-a#2
PHL,Philippines,b,checked,The Philippine tarsier is a tiny primate whose eyes are each about as big as its brain.,,Wikipedia,https://en.wikipedia.org/wiki/Tarsier,Animal Diversity Web,https://animaldiversity.org/accounts/Tarsiidae/,,,,,H3/PHL-b#1 H3/PHL-b#2
PHL,Philippines,c,checked,The Philippine eagle is one of the largest eagles in the world.,,Wikipedia,https://en.wikipedia.org/wiki/Philippine_eagle,Britannica Kids,https://kids.britannica.com/students/article/Philippine-eagle/330379,,,,,H3/PHL-c#1 H3/PHL-c#2
PHL,Philippines,d,checked,"Bohol's Chocolate Hills are more than 1,200 grassy hills that turn brown in the dry season.",,Wikipedia,https://en.wikipedia.org/wiki/Chocolate_Hills,UNESCO World Heritage Centre,https://whc.unesco.org/en/tentativelists/5024/,,,,,H3/PHL-d#1 H3/PHL-d#2
PHL,Philippines,x,invented,"The Philippines is one of 54 UN members that drive on the left, like Japan.",The Philippines drives on the right: it is not among the 54 UN members that drive on the left.,Wikipedia,https://en.wikipedia.org/wiki/Left-_and_right-hand_traffic,WorldAtlas,https://www.worldatlas.com/articles/list-of-countries-who-drive-on-the-left.html,,,,,list:left
IDN,Indonesia,a,checked,Komodo dragons live in the wild only in Indonesia.,,Wikipedia,https://en.wikipedia.org/wiki/Komodo_dragon,Guinness World Records,https://www.guinnessworldrecords.com/world-records/70287-largest-lizard,,,,,H3/IDN-a#1 H3/IDN-a#2
IDN,Indonesia,b,checked,"Rafflesia arnoldii, the largest single flower in the world, grows in Indonesia's rainforests.",,Wikipedia,https://en.wikipedia.org/wiki/Rafflesia_arnoldii,Guinness World Records,https://www.guinnessworldrecords.com/world-records/66511-largest-single-flower,,,,,H3/IDN-b#1 H3/IDN-b#2
IDN,Indonesia,c,checked,"Indonesia is made up of more than 13,000 islands.",,Wikipedia,https://en.wikipedia.org/wiki/Indonesia,Mongabay,https://news.mongabay.com/2017/01/indonesia-adds-more-than-1100-to-the-official-tally-of-its-islands,,,,,H3/IDN-c#1 H3/IDN-c#3
IDN,Indonesia,d,data,"About 286 million people live in Indonesia, the fourth-most of the 193 UN members.",,"World Bank, 2025",https://data.worldbank.org/indicator/SP.POP.TOTL?locations=ID,,,,,,,wb:pop:IDN
IDN,Indonesia,x,invented,"Bali is the largest island of Indonesia, bigger than Java and Sumatra.","Sumatra is the largest island wholly in Indonesia; Bali covers less than 6,000 km².",Wikipedia,"https://en.wikipedia.org/wiki/Sumatra,_Indonesia",WorldAtlas,https://www.worldatlas.com/articles/biggest-islands-in-indonesia.html,Britannica,https://www.britannica.com/place/Bali-island-and-province-Indonesia,,,H3/IDN-x#1 R1/IDN-x#2 R1/IDN-x#3
NZL,New Zealand,a,checked,"Apart from bats, New Zealand has no native land mammals.",,Department of Conservation (New Zealand),https://www.doc.govt.nz/nature/native-animals/bats-pekapeka/,"Te Ara, the Encyclopedia of New Zealand",https://teara.govt.nz/en/bats/print,,,,,H4/NZL-a#1 H4/NZL-a#2
NZL,New Zealand,b,checked,A kiwi's egg can weigh up to a fifth of its mother's weight.,,San Diego Zoo Wildlife Alliance,https://animals.sandiegozoo.org/node/137,Save the Kiwi,https://savethekiwi.nz/about-kiwi/kiwi-facts/enormous-egg/,,,,,H4/NZL-b#1 H4/NZL-b#2
NZL,New Zealand,c,checked,"New Zealand's kākāpō is the heaviest parrot in the world, and it cannot fly.",,Wikipedia,https://en.wikipedia.org/wiki/K%C4%81k%C4%81p%C5%8D,Guinness World Records,https://www.guinnessworldrecords.com/world-records/447093-heaviest-parrot,,,,,H4/NZL-c#1 H4/NZL-c#2
NZL,New Zealand,d,data,New Zealand is one of 54 UN members that drive on the left.,,Wikipedia,https://en.wikipedia.org/wiki/Left-_and_right-hand_traffic,WorldAtlas,https://www.worldatlas.com/articles/list-of-countries-who-drive-on-the-left.html,,,,,list:left
NZL,New Zealand,x,invented,No country has more sheep than New Zealand.,China has the most sheep of any country.,Guinness World Records,https://guinnessworldrecords.com/world-records/100839-largest-sheep-population,Irish Farmers Journal,https://farmersjournal.ie/china-s-appetite-for-sheepmeat-continues-to-grow-490257,,,,,H4/NZL-x#1 H4/NZL-x#2
WSM,Samoa,a,checked,"In 2011 Samoa skipped a whole day, 30 December, when it moved to the other side of the date line.",,Wikipedia,https://en.wikipedia.org/wiki/Daylight_saving_time_in_Samoa,World Book,https://bth.worldbook.com/bth/?p=2118,,,,,H4/WSM-a#1 H4/WSM-a#2
WSM,Samoa,b,checked,In 2009 Samoa switched from driving on the right to driving on the left.,,Wikipedia,https://en.wikipedia.org/wiki/Samoa,Al Jazeera,https://www.aljazeera.com/news/2009/9/7/samoa-set-to-switch-road-lanes,,,,,H4/WSM-b#1 H4/WSM-b#2
WSM,Samoa,c,checked,"A traditional Samoan house, the fale, has no fixed walls.",,Wikipedia,https://en.wikipedia.org/wiki/Samoa,Library of Congress,https://blogs.loc.gov/law/2011/06/samoan-houses-pic-of-the-week/,,,,,H4/WSM-c#1 H4/WSM-c#2
WSM,Samoa,d,data,More than half of Samoa's land is forest: about 58%.,,"World Bank, 2023",https://data.worldbank.org/indicator/AG.LND.FRST.ZS?locations=WS,,,,,,,wb:forest:WSM
WSM,Samoa,x,invented,"Samoa, just west of the date line, is the first country in the world to see each new day and year.","Kiribati's Line Islands see it first: their clocks are 14 hours ahead of UTC, Samoa's 13.",Wikipedia,https://en.wikipedia.org/wiki/Kiribati,Gulf News,https://gulfnews.com/world/where-will-you-be-when-time-rings-in-the-new-year-1.500009068,timeanddate.com,https://www.timeanddate.com/news/time/samoa-removes-dst.html,,,H4/WSM-x#1 H4/WSM-x#2 H4/WSM-x#2
PNG,Papua New Guinea,a,checked,"About 840 languages are spoken in Papua New Guinea, more than in any other country.",,Guinness World Records,https://www.guinnessworldrecords.com/world-records/67315-country-with-most-languages,World Economic Forum,https://weforum.org/stories/2021/03/these-are-the-top-ten-countries-for-linguistic-diversity,,,,,H4/PNG-a#1 H4/PNG-a#2
PNG,Papua New Guinea,b,checked,The hooded pitohui of New Guinea is one of the few birds known to be poisonous.,,Wikipedia,https://en.wikipedia.org/wiki/Hooded_pitohui,McGill University,https://www.mcgill.ca/oss/article/did-you-know/pitohui-bird-contains-deadly-batrachotoxin,,,,,H4/PNG-b#1 H4/PNG-b#2
PNG,Papua New Guinea,c,data,About four fifths of Papua New Guinea's land is forest.,,"World Bank, 2023",https://data.worldbank.org/indicator/AG.LND.FRST.ZS?locations=PG,,,,,,,wb:forest:PNG
PNG,Papua New Guinea,d,data,Only about one person in six in Papua New Guinea lives in a town or city.,,"World Bank, 2025",https://data.worldbank.org/indicator/SP.URB.TOTL.IN.ZS?locations=PG,,,,,,,wb:urban:PNG
PNG,Papua New Guinea,x,invented,"Papua New Guinea shares its island with Australia, across a short land border in the south.",Papua New Guinea shares the island of New Guinea with Indonesia.,Wikipedia,https://en.wikipedia.org/wiki/New_Guinea,Britannica,https://www.britannica.com/place/New-Guinea,,,,,H4/PNG-x#1 H4/PNG-x#2
EGY,Egypt,a,checked,"For more than 3,700 years the Great Pyramid of Giza was the tallest structure built by people.",,History.com,https://www.history.com/articles/tallest-buildings-in-the-world,Wikipedia,https://en.wikipedia.org/wiki/History_of_the_world%27s_tallest_buildings,,,,,H4/EGY-a#1 H4/EGY-a#2
EGY,Egypt,b,checked,Egypt lies on two continents: its Sinai Peninsula is in Asia.,,Wikipedia,https://en.wikipedia.org/wiki/Egypt,WorldAtlas,https://www.worldatlas.com/maps/egypt,,,,,H4/EGY-b#1 H4/EGY-b#2
EGY,Egypt,c,checked,"The Suez Canal, opened in 1869, links the Mediterranean and the Red Sea.",,Wikipedia,https://en.wikipedia.org/wiki/Suez_Canal,WorldAtlas,https://www.worldatlas.com/canals/the-suez-canal.html,,,,,H4/EGY-c#1 H4/EGY-c#2
EGY,Egypt,d,checked,"Lake Nasser, behind Egypt's Aswan High Dam, is one of the largest man-made lakes in the world.",,Wikipedia,https://en.wikipedia.org/wiki/Lake_Nasser,WorldAtlas,https://www.worldatlas.com/rivers/nile-river.html,,,,,H4/EGY-d#1 H4/EGY-d#2
EGY,Egypt,x,invented,"The Nile flows south through Egypt, away from the Mediterranean.",The Nile flows north through Egypt and into the Mediterranean.,Wikipedia,https://en.wikipedia.org/wiki/Nile,WorldAtlas,https://www.worldatlas.com/rivers/nile-river.html,,,,,H4/EGY-x#1 H4/EGY-x#2
ETH,Ethiopia,a,checked,The coffee plant Coffea arabica first grew wild in the forests of Ethiopia.,,Wikipedia,https://en.wikipedia.org/wiki/Coffee,"Royal Botanic Gardens, Kew",https://www.kew.org/about-us/press-media/kew-scientists-reveal-that-60-of-wild-coffee,,,,,H4/ETH-a#1 H4/ETH-a#2
ETH,Ethiopia,b,checked,"Lucy, a 3.2-million-year-old fossil skeleton, was found in Ethiopia in 1974.",,Wikipedia,https://en.wikipedia.org/wiki/Ethiopia,National Geographic Education,https://education.nationalgeographic.org/resource/lucy-discovered-africa,,,,,H4/ETH-b#1 H4/ETH-b#2
ETH,Ethiopia,c,checked,"Dallol, in Ethiopia, holds the record for the highest yearly average temperature of any inhabited place.",,Wikipedia,"https://en.wikipedia.org/wiki/Dallol,_Ethiopia",World Economic Forum,https://www.businessinsider.in/13-of-the-hottest-places-on-Earth/Timbuktu-Mali/slideshow/53399892.cms,,,,,H4/ETH-c#1 H4/ETH-c#2
ETH,Ethiopia,d,data,Almost four in ten people in Ethiopia are under 15.,,"World Bank, 2025",https://data.worldbank.org/indicator/SP.POP.0014.TO.ZS?locations=ET,,,,,,,wb:young:ETH
ETH,Ethiopia,x,invented,Ethiopia has more people than any other country in Africa: about 135 million.,"Nigeria has more: about 238 million people, against Ethiopia's 135 million.","World Bank, 2025",https://data.worldbank.org/indicator/SP.POP.TOTL?locations=NG,"World Bank, 2025",https://data.worldbank.org/indicator/SP.POP.TOTL?locations=ET,,,,,wb:pop:NGA wb:pop:ETH
ZAF,South Africa,a,checked,"South Africa has three capital cities: Pretoria, Cape Town and Bloemfontein.",,Wikipedia,https://en.wikipedia.org/wiki/South_Africa,WorldAtlas,https://www.worldatlas.com/maps/south-africa,,,,,H4/ZAF-a#1 H4/ZAF-a#2
ZAF,South Africa,b,checked,"The world's first human heart transplant was done in Cape Town, in 1967.",,South African History Online,https://sahistory.org.za/dated-event/dr-chris-barnard-performs-worlds-first-human-heart-transplant,World Heart Federation,https://world-heart-federation.org/news/50th-anniversary-of-the-worlds-first-human-to-human-heart-transplant/,,,,,H4/ZAF-b#1 H4/ZAF-b#2
ZAF,South Africa,c,checked,African penguins live on a beach near Cape Town.,,Wikipedia,https://en.wikipedia.org/wiki/Boulders_Beach,SANParks,https://www.sanparks.org/parks/table-mountain/what-to-do/attractions/boulders-penguin-colony,,,,,H4/ZAF-c#1 H4/ZAF-c#2
ZAF,South Africa,d,data,South Africa is one of 54 UN members that drive on the left.,,Wikipedia,https://en.wikipedia.org/wiki/Left-_and_right-hand_traffic,WorldAtlas,https://www.worldatlas.com/articles/list-of-countries-who-drive-on-the-left.html,,,,,list:left
ZAF,South Africa,x,invented,"South Africa's Kruger National Park, one of Africa's largest game reserves, is bigger than Switzerland.","Kruger covers under 20,000 km², less than half of Switzerland's 41,300 km².",Wikipedia,https://en.wikipedia.org/wiki/Kruger_National_Park,SANParks,https://www.sanparks.org/parks/kruger,"World Bank, 2023",https://data.worldbank.org/indicator/AG.SRF.TOTL.K2?locations=CH,,,H4/ZAF-x#1 H4/ZAF-x#2 wb:area:CHE
LSO,Lesotho,a,checked,Lesotho is completely surrounded by South Africa.,,Wikipedia,https://en.wikipedia.org/wiki/Lesotho,WorldAtlas,https://www.worldatlas.com/maps/lesotho,,,,,H4/LSO-a#1 H4/LSO-a#2
LSO,Lesotho,b,checked,"All of Lesotho lies more than 1,000 metres above sea level.",,Wikipedia,https://en.wikipedia.org/wiki/Lesotho,Mail & Guardian,https://mg.co.za/article/2014-09-01-unusual-coup-in-africas-unusual-kingdom-in-the-sky-7-things-you-didnt-know-about-lesotho,,,,,H4/LSO-b#1 H4/LSO-b#2
LSO,Lesotho,c,checked,"Lesotho has a ski resort, Afriski, high in the Maloti Mountains.",,Wikipedia,https://en.wikipedia.org/wiki/Afriski,Mail & Guardian,https://mg.co.za/article/2014-09-01-unusual-coup-in-africas-unusual-kingdom-in-the-sky-7-things-you-didnt-know-about-lesotho,,,,,H4/LSO-c#1 H4/LSO-c#2
LSO,Lesotho,d,data,Lesotho is one of 54 UN members that drive on the left.,,Wikipedia,https://en.wikipedia.org/wiki/Left-_and_right-hand_traffic,WorldAtlas,https://www.worldatlas.com/articles/list-of-countries-who-drive-on-the-left.html,,,,,list:left
LSO,Lesotho,x,invented,Lesotho is the smallest country in Africa.,"The Seychelles is far smaller: about 460 km², against Lesotho's 30,360 km².","World Bank, 2023",https://data.worldbank.org/indicator/AG.SRF.TOTL.K2?locations=SC,"World Bank, 2023",https://data.worldbank.org/indicator/AG.SRF.TOTL.K2?locations=LS,,,,,wb:area:SYC wb:area:LSO
GHA,Ghana,a,checked,"Lake Volta, in Ghana, is the largest man-made lake in the world by surface area.",,Wikipedia,https://en.wikipedia.org/wiki/Ghana,WorldAtlas,https://www.worldatlas.com/maps/ghana,,,,,H4/GHA-a#1 H4/GHA-a#2
GHA,Ghana,b,checked,"The Greenwich meridian, 0 degrees longitude, runs through the Ghanaian city of Tema.",,Wikipedia,https://en.wikipedia.org/wiki/Ghana,Ghana News Agency,https://gna.org.gh/2021/04/greenwich-meridian-lost-tourism-monument-in-ghana/,,,,,H4/GHA-b#1 H4/GHA-b#2
GHA,Ghana,c,checked,Ghana grows more cocoa than any country except Côte d'Ivoire.,,Wikipedia,https://en.wikipedia.org/wiki/Ghana,Al Jazeera,https://www.aljazeera.com/economy/2020/2/19/chocolate-danger-ghanas-cocoa-output-hit-hard-by-dry-hot-winds,,,,,H4/GHA-c#1 H4/GHA-c#2
GHA,Ghana,d,checked,"Kente, a cloth woven in bright strips, comes from Ghana.",,Wikipedia,https://en.wikipedia.org/wiki/Kente_cloth,Africanews,https://www.africanews.com/2024/12/13/ghanas-kente-cloth-recognized-as-unesco-cultural-heritage/,,,,,H4/GHA-d#1 H4/GHA-d#2
GHA,Ghana,x,invented,"The equator crosses Ghana, near the coast: it is one of only 11 UN members whose land it crosses.",Ghana is not among the 11 UN members whose land the equator crosses.,Wikipedia,https://en.wikipedia.org/wiki/Equator,WorldAtlas,https://www.worldatlas.com/articles/countries-on-the-equator.html,,,,,list:equator
COD,DR Congo,a,checked,The Congo River is the deepest river in the world: at least 220 m deep in places.,,Wikipedia,https://en.wikipedia.org/wiki/Congo_River,Guinness World Records,https://www.guinnessworldrecords.com/world-records/113299-deepest-river,,,,,H4/COD-a#1 H4/COD-a#2
COD,DR Congo,b,checked,"The okapi, a forest relative of the giraffe, lives in the wild only in DR Congo.",,Wikipedia,https://en.wikipedia.org/wiki/Okapi,Wildlife Conservation Society,https://newsroom.wcs.org/News-Releases/articleType/ArticleView/articleId/13167/New-hope-for-the-Okapi-Wildlife-Reserve-a-wildlife-haven-under-threat-in-in-the-heart-of-the-Congo-rainforest.aspx,,,,,H4/COD-b#1 H4/COD-b#2
COD,DR Congo,c,checked,Bonobos live in the wild only in DR Congo.,,Wikipedia,https://en.wikipedia.org/wiki/Democratic_Republic_of_the_Congo,WWF,https://www.worldwildlife.org/species/bonobo,,,,,H4/COD-c#1 H4/COD-c#2
COD,DR Congo,d,data,The equator crosses DR Congo: it is one of only 11 UN members whose land it crosses.,,Wikipedia,https://en.wikipedia.org/wiki/Equator,WorldAtlas,https://www.worldatlas.com/articles/countries-on-the-equator.html,,,,,list:equator
COD,DR Congo,x,invented,"The Congo is the longest river in Africa, longer even than the Nile.",The Nile is longer: the Congo is Africa's second-longest river.,Wikipedia,https://en.wikipedia.org/wiki/Congo_River,WorldAtlas,https://www.worldatlas.com/rivers/nile-river.html,,,,,H4/COD-x#1 H4/COD-x#2
MDG,Madagascar,a,checked,Lemurs are native to Madagascar and nowhere else.,,Wikipedia,https://en.wikipedia.org/wiki/Lemur,WorldAtlas,https://www.worldatlas.com/maps/madagascar,,,,,H4/MDG-a#1 H4/MDG-a#2
MDG,Madagascar,b,checked,Madagascar is the fourth-largest island in the world.,,Wikipedia,https://en.wikipedia.org/wiki/Madagascar,Britannica,https://www.britannica.com/print/article/355562,,,,,H4/MDG-b#1 H4/MDG-b#2
MDG,Madagascar,c,checked,Almost half of the world's chameleon species live only on Madagascar.,,PBS,https://www.pbs.org/edens/madagascar/creature3.htm,Mongabay,https://news.mongabay.com/2014/11/chameleon-crisis-extinction-threatens-36-of-worlds-chameleons/,,,,,H4/MDG-c#2 H4/MDG-c#3
MDG,Madagascar,d,checked,Madagascar grows more vanilla than any other country.,,Choices magazine,https://ageconsearch.umn.edu/record/369395/files/cmsarticle_997.pdf,WorldAtlas,https://worldatlas.com/articles/the-leading-countries-in-vanilla-production-in-the-world.html,,,,,H4/MDG-d#2 H4/MDG-d#3
MDG,Madagascar,x,invented,Baobabs grow wild only on Madagascar.,Baobabs also grow wild in mainland Africa and Australia; six of the eight species are found only on Madagascar.,Wikipedia,https://en.wikipedia.org/wiki/Adansonia,Down To Earth,https://www.downtoearth.org.in/africa/baobab-trees-come-from-madagascar-study-reveals-that-seeds-seedlings-floated-to-mainland-africa-and-australia,,,,,H4/MDG-x#1 H4/MDG-x#2
COL,Colombia,a,checked,"Colombia has more bird species than any other country: nearly 2,000.",,National Audubon Society,https://www.audubon.org/our-work/americas/colombia,Colombia Travel,https://colombia.travel/en/blog/five-unbeatable-reasons-go-birdwatching-in-colombia,,,,,R2/COL-a#2 R2/COL-a#3
COL,Colombia,b,checked,Colombia is the only country in South America with coasts on both the Pacific Ocean and the Caribbean Sea.,,Wikipedia,https://en.wikipedia.org/wiki/Borders_of_Colombia,WorldAtlas,https://www.worldatlas.com/oceans/which-countries-have-coastlines-on-both-the-atlantic-and-the-pacific-oceans.html,,,,,R2/COL-b#1 R2/COL-b#2
COL,Colombia,c,checked,Colombia produces more emeralds than any other country.,,Wikipedia,https://en.wikipedia.org/wiki/Colombia,USGS,https://pubs.usgs.gov/myb/vol3/2017-18/myb3-2017-18-colombia.pdf,,,,,R2/COL-c#1 R2/COL-c#2
COL,Colombia,d,data,More than half of Colombia's land is forest: about 53%.,,"World Bank, 2023",https://data.worldbank.org/indicator/AG.LND.FRST.ZS?locations=CO,,,,,,,wb:forest:COL
COL,Colombia,x,invented,"Colombia grows more coffee than any other country, even more than Brazil.",Brazil grows by far the most coffee of any country.,Wikipedia,https://en.wikipedia.org/wiki/Coffee_production_in_Brazil,WorldAtlas,https://www.worldatlas.com/articles/top-coffee-producing-countries.html,,,,,R2/COL-x#1 R2/COL-x#2
MAR,Morocco,a,checked,"At the Strait of Gibraltar, Morocco and Spain are less than 15 km apart.",,Wikipedia,https://en.wikipedia.org/wiki/Strait_of_Gibraltar,Britannica,https://www.britannica.com/place/Strait-of-Gibraltar,,,,,R2/MAR-a#1 R2/MAR-a#2
MAR,Morocco,b,checked,"Argan oil comes from the argan tree, which grows wild almost only in south-western Morocco.",,Wikipedia,https://en.wikipedia.org/wiki/Argania,UNESCO,https://ich.unesco.org/en/RL/argan-practices-and-know-how-concerning-the-argan-tree-00955,,,,,R2/MAR-b#1 R2/MAR-b#2
MAR,Morocco,c,checked,"Toubkal, in Morocco's Atlas Mountains, is the highest mountain in North Africa.",,Wikipedia,https://en.wikipedia.org/wiki/Toubkal,Visit Morocco,https://www.visitmorocco.com/en/discover-morocco/geography-morocco,,,,,R2/MAR-c#1 R2/MAR-c#2
MAR,Morocco,d,data,Morocco is one of 21 UN members with a coast on the Mediterranean Sea.,,Wikipedia,https://en.wikipedia.org/wiki/Mediterranean_Sea,WorldAtlas,https://www.worldatlas.com/geography/mediterranean-countries.html,,,,,list:med
MAR,Morocco,x,invented,"Marrakesh, at the foot of the Atlas Mountains, is the capital of Morocco.",Rabat is the capital of Morocco; Casablanca is its largest city.,Wikipedia,https://en.wikipedia.org/wiki/Morocco,Britannica,https://www.britannica.com/place/Morocco,,,,,R2/MAR-x#1 R2/MAR-x#2
VNM,Vietnam,a,checked,"Son Doong, in Vietnam, is the largest known cave in the world.",,Wikipedia,https://en.wikipedia.org/wiki/Hang_S%C6%A1n_%C4%90o%C3%B2ng,Live Science,https://www.livescience.com/planet-earth/geology/hang-son-doong-the-worlds-biggest-cave-so-outrageous-in-size-it-fits-2-jungles-and-the-great-wall-of-vietnam,,,,,R2/VNM-a#1 R2/VNM-a#2
VNM,Vietnam,b,checked,Vietnam grows more coffee than any country except Brazil.,,Wikipedia,https://en.wikipedia.org/wiki/Coffee_production_in_vietnam,WorldAtlas,https://www.worldatlas.com/articles/top-coffee-producing-countries.html,,,,,R2/VNM-b#1 R2/VNM-b#2
VNM,Vietnam,c,checked,"Ha Long Bay, in Vietnam, has about 1,600 limestone islands and islets.",,Wikipedia,https://en.wikipedia.org/wiki/H%E1%BA%A1_Long_Bay,National Geographic,https://www.nationalgeographic.com/travel/article/halong-bay-world-hertitage-site,,,,,R2/VNM-c#1 R2/VNM-c#2
VNM,Vietnam,d,data,Vietnam is one of 14 UN members that share a land border with China.,,Wikipedia,https://en.wikipedia.org/wiki/Borders_of_China,WorldAtlas,https://www.worldatlas.com/articles/what-countries-border-china.html,,,,,list:china
VNM,Vietnam,x,invented,French explorers found Son Doong cave in the 1800s.,"A local man found the cave around 1990, and British cavers first explored it in 2009.",Wikipedia,https://en.wikipedia.org/wiki/Hang_S%C6%A1n_%C4%90o%C3%B2ng,Live Science,https://www.livescience.com/planet-earth/geology/hang-son-doong-the-worlds-biggest-cave-so-outrageous-in-size-it-fits-2-jungles-and-the-great-wall-of-vietnam,,,,,R2/VNM-x#1 R2/VNM-x#3
GRC,Greece,a,checked,"The poem behind Greece's national anthem has 158 stanzas, the longest anthem text in the world.",,Hellenic Ministry of Foreign Affairs,https://www.mfa.gr/missionsabroad/en/about-greece/government-and-politics/state-symbols.html,WorldAtlas,https://www.worldatlas.com/society/which-country-has-the-longest-national-anthem-58531.html,,,,,R2/GRC-a#1 R2/GRC-a#2
GRC,Greece,b,checked,"Athens hosted the first modern Olympic Games, in 1896.",,Wikipedia,https://en.wikipedia.org/wiki/1896_Summer_Olympics,Olympics.com,https://www.olympics.com/en/news/top-reasons-why-the-athens-1896-olympics-were-important-for-modern-sport,,,,,R2/GRC-b#1 R2/GRC-b#2
GRC,Greece,c,checked,About 80% of Greece is mountainous.,,Britannica Kids,https://kids.britannica.com/students/article/Greece/274649,Hellenic Ministry of Foreign Affairs,https://www.mfa.gr/usa/en/about-greece/energy-and-environment/environment.html,,,,,R2/GRC-c#2 R2/GRC-c#4
GRC,Greece,d,checked,"Since 2002, only cheese made in Greece may be sold in the EU under the name 'feta'.",,Wikipedia,https://en.wikipedia.org/wiki/Feta,European Commission,https://intellectual-property-helpdesk.ec.europa.eu/news-events/news/feta-cheese-case-manolo-blahnik-2022-07-22_en,,,,,R2/GRC-d#1 R2/GRC-d#2
GRC,Greece,x,invented,"Greece has no active volcanoes: the last eruption there was more than 3,000 years ago.",Santorini's volcano is active: it last erupted in 1950.,Smithsonian Global Volcanism Program,https://volcano.si.edu/volcano.cfm?vn=212040,National Geographic,https://www.nationalgeographic.com/premium/article/santorini-volcano-explosive-eruption,,,,,R2/GRC-x#1 R2/GRC-x#2
SGP,Singapore,a,data,"Singapore has more than 8,000 people per square kilometre of land, the second-most of the 193 UN members.",,"World Bank, 2023",https://data.worldbank.org/indicator/EN.POP.DNST?locations=SG,,,,,,,wb:dense:SGP
SGP,Singapore,b,checked,"Singapore is more than a fifth bigger than in 1965, thanks to land reclaimed from the sea.",,Wikipedia,https://en.wikipedia.org/wiki/Land_reclamation_in_Singapore,SG101 (Government of Singapore),https://www.sg101.gov.sg/environment/case-studies/sand/,,,,,R2/SGP-b#2 R2/SGP-b#3
SGP,Singapore,c,checked,"Singapore's Night Safari, opened in 1994, was the first zoo in the world for animals at night.",,Wikipedia,"https://en.wikipedia.org/wiki/Night_Safari,_Singapore",Guinness World Records,https://www.guinnessworldrecords.com/world-records/634640-first-nocturnal-zoo,,,,,R2/SGP-c#1 R2/SGP-c#2
SGP,Singapore,d,checked,"Jewel, at Singapore's Changi Airport, has the tallest indoor waterfall in the world, 40 m high.",,Wikipedia,https://en.wikipedia.org/wiki/Jewel_Changi_Airport,Jewel Changi Airport,https://www.jewelchangiairport.com/en/attractions/rain-vortex.html,,,,,R2/SGP-d#1 R2/SGP-d#3
SGP,Singapore,x,invented,"Singapore is made up of a single island, about 50 km from east to west.",Singapore is made up of more than 60 islands: one main island and many small ones.,Wikipedia,https://en.wikipedia.org/wiki/Singapore,Britannica,https://www.britannica.com/place/Singapore-Island,,,,,R2/SGP-x#2 R2/SGP-x#3
BTN,Bhutan,a,checked,"Gangkhar Puensum, in Bhutan, is the highest mountain in the world that nobody has climbed.",,Wikipedia,https://en.wikipedia.org/wiki/Gangkhar_Puensum,Guinness World Records,https://www.guinnessworldrecords.com/world-records/71549-tallest-mountain-unclimbed,,,,,R2/BTN-a#1 R2/BTN-a#2
BTN,Bhutan,b,checked,Bhutan's forests take in more carbon dioxide than the whole country gives off.,,Wikipedia,https://en.wikipedia.org/wiki/Druk_Yul,National Geographic,https://www.nationalgeographic.com/travel/article/carbon-negative-country-sustainability,,,,,R2/BTN-b#1 R2/BTN-b#2
BTN,Bhutan,c,checked,"Thimphu, the capital of Bhutan, has no traffic lights.",,Wikipedia,https://en.wikipedia.org/wiki/Thimphu,WorldAtlas,https://www.worldatlas.com/articles/10-things-you-didn-t-know-about-bhutan.html,,,,,R2/BTN-c#1 R2/BTN-c#2
BTN,Bhutan,d,data,Bhutan is one of 14 UN members that share a land border with China.,,Wikipedia,https://en.wikipedia.org/wiki/Borders_of_China,WorldAtlas,https://www.worldatlas.com/articles/what-countries-border-china.html,,,,,list:china
BTN,Bhutan,x,invented,"Bhutan's national animal is the snow leopard, which lives high in the mountains of the north.",Bhutan's national animal is the takin.,Wikipedia,https://en.wikipedia.org/wiki/Druk_Yul,WorldAtlas,https://www.worldatlas.com/articles/10-things-you-didn-t-know-about-bhutan.html,,,,,R2/BTN-x#1 R2/BTN-x#2
