id,colour,type,indicator,area,must_contain,licence_checked,question,stamp,sentence
live-india,blue,share,SP.POP.TOTL,IND,,CC BY-4.0,"Of 100 people in the world, how many live in India?","live in India","No country has more people."
home-electricity,teal,pct,EG.ELC.ACCS.ZS,WLD,,CC BY-4.0,"Of 100 people in the world, how many have electricity at home?","have electricity at home","So about {rest} in 100 still live without it."
people-children,magenta,pct,SP.POP.0014.TO.ZS,WLD,,,"Of 100 people in the world, how many are children under 15?","are children under 15","That counts everyone from newborn babies to 14-year-olds."
live-high-income,blue,share,SP.POP.TOTL,HIC,,CC BY-4.0,"Of 100 people in the world, how many live in a high-income country?","live in a high-income country","High-income is the World Bank's richest group of countries."
home-internet,teal,pct,IT.NET.USER.ZS,WLD,,,"Of 100 people in the world, how many use the internet?","use the internet","The other {rest} have not been online in the last three months."
work-farming,green,pct,SL.AGR.EMPL.ZS,WLD,,,"Of 100 workers in the world, how many work in farming?","workers work in farming","Farming here also covers forestry and fishing."
live-africa,blue,share,SP.POP.TOTL,continent:Africa,,CC BY-4.0,"Of 100 people in the world, how many live in Africa?","live in Africa","That is the whole continent, from Morocco to South Africa."
school-read,violet,pct,SE.ADT.LITR.ZS,WLD,,,"Of 100 adults in the world, how many can read and write?","adults can read and write","Adults here means everyone aged 15 or older."
people-parliament,magenta,pct,SG.GEN.PARL.ZS,WLD,,,"Of 100 members of parliament in the world, how many are women?","members of parliament are women","So men hold about {rest} of every 100 seats."
home-city,teal,pct,SP.URB.TOTL.IN.ZS,WLD,,,"Of 100 people in the world, how many live in a town or city?","live in a town or city","The other {rest} live in the countryside."
live-eu,blue,share,SP.POP.TOTL,EUU,,CC BY-4.0,"Of 100 people in the world, how many live in the European Union?","live in the European Union","That is all 27 member countries together."
health-measles,red,pct,SH.IMM.MEAS,WLD,,,"Of 100 one-year-olds in the world, how many are vaccinated against measles?","one-year-olds are vaccinated against measles","So about {rest} in 100 start life without that protection."
home-water,teal,pct,SH.H2O.SMDW.ZS,WLD,,,"Of 100 people in the world, how many have safe drinking water at home?","have safe drinking water at home","Safe means: at home, there when needed, and free of contamination."
live-asia,blue,share,SP.POP.TOTL,continent:Asia,,CC BY-4.0,"Of 100 people in the world, how many live in Asia?","live in Asia","More people live in Asia than on all the other continents together."
money-poverty,green,pct,SI.POV.DDAY,WLD,$3.00,,"Of 100 people in the world, how many live on less than 3 dollars a day?","live on less than 3 dollars a day","The 3 dollars are adjusted for what money can buy in each country."
people-65,magenta,pct,SP.POP.65UP.TO.ZS,WLD,,,"Of 100 people in the world, how many are 65 or older?","are 65 or older","The other {rest} are younger than 65."
work-women,green,pct,SL.TLF.TOTL.FE.ZS,WLD,,,"Of 100 people in the world's workforce, how many are women?","workers are women","The workforce counts everyone who has a job or is looking for one."
live-india-china,blue,share,SP.POP.TOTL,IND+CHN,,CC BY-4.0,"Of 100 people in the world, how many live in India or China?","live in India or China","More than one in three people live in just these two countries."
home-toilet,teal,pct,SH.STA.SMSS.ZS,WLD,,,"Of 100 people in the world, how many have a safe toilet at home?","have a safe toilet at home","Safe means a toilet not shared with other homes, where the waste is safely disposed of or treated."
money-account,green,pct,FX.OWN.TOTL.ZS,WLD,,,"Of 100 adults in the world, how many have a bank or mobile-money account?","adults have a bank or mobile-money account","A mobile-money account lives on a phone, with no bank branch needed."
live-americas,blue,share,SP.POP.TOTL,continent:Americas,,CC BY-4.0,"Of 100 people in the world, how many live in the Americas?","live in the Americas","That is North, Central and South America, with the Caribbean."
health-hunger,red,pct,SN.ITK.DEFC.ZS,WLD,,,"Of 100 people in the world, how many do not get enough food?","do not get enough food","Not enough means too few calories for a normal, active life."
work-services,green,pct,SL.SRV.EMPL.ZS,WLD,,,"Of 100 workers in the world, how many work in services, such as shops, schools and offices?","workers work in services","Services cover trade, transport, hotels, teaching, health care and office work."
home-cooking,teal,pct,EG.CFT.ACCS.ZS,WLD,,,"Of 100 people in the world, how many cook with clean fuel, such as gas or electricity?","cook with clean fuel","The other {rest} cook with fuels like wood, charcoal or coal."
live-low-income,blue,share,SP.POP.TOTL,LIC,,CC BY-4.0,"Of 100 people in the world, how many live in a low-income country?","live in a low-income country","Low-income is the World Bank's poorest group of countries."
school-out,violet,pct,SE.PRM.UNER.ZS,WLD,,,"Of 100 children of primary-school age in the world, how many are not in school?","children of primary-school age are not in school","So about {rest} in 100 are in school."
people-women,magenta,pct,SP.POP.TOTL.FE.ZS,WLD,,,"Of 100 people in the world, how many are women or girls?","are women or girls","So about {rest} are men or boys."
live-europe,blue,share,SP.POP.TOTL,continent:Europe,,CC BY-4.0,"Of 100 people in the world, how many live in Europe?","live in Europe","Russia is counted as part of Europe here."
health-births,red,pct,SH.STA.BRTC.ZS,WLD,,,"Of 100 births in the world, how many are attended by a trained health worker?","births are attended by a trained health worker","Trained means a doctor, a nurse or a midwife."
work-industry,green,pct,SL.IND.EMPL.ZS,WLD,,,"Of 100 workers in the world, how many work in industry, such as factories and construction?","workers work in industry","Industry means mining, factories, construction, and energy and water supply."
live-china,blue,share,SP.POP.TOTL,CHN,,CC BY-4.0,"Of 100 people in the world, how many live in China?","live in China","Only India has more people."
home-slum,teal,pct,EN.POP.SLUM.UR.ZS,WLD,,,"Of 100 people in the world's towns and cities, how many live in a slum?","city dwellers live in a slum","A slum home lacks at least one basic thing, such as clean water, a toilet, enough space or solid walls."
health-tobacco,red,pct,SH.PRV.SMOK,WLD,,,"Of 100 adults in the world, how many use tobacco?","adults use tobacco","Adults here means everyone aged 15 or older. Tobacco is more than cigarettes."
live-middle-income,blue,share,SP.POP.TOTL,MIC,,CC BY-4.0,"Of 100 people in the world, how many live in a middle-income country?","live in a middle-income country","Most people live in countries that are neither rich nor poor."
work-self,green,pct,SL.EMP.SELF.ZS,WLD,,,"Of 100 workers in the world, how many work for themselves?","workers work for themselves","That includes people who help in a family business or farm without a wage."
live-ten-biggest,blue,share,SP.POP.TOTL,top:10,,CC BY-4.0,"Of 100 people in the world, how many live in the ten countries with the most people?","live in the ten biggest countries","The other {rest} are spread over more than 200 countries and territories."
people-parliament-fra,magenta,pct,SG.GEN.PARL.ZS,FRA,,,"Of 100 members of parliament in France, how many are women?",members of parliament in France are women,So men hold about {rest} of every 100 seats in its lower or only house.
home-internet-bra,teal,pct,IT.NET.USER.ZS,BRA,,,"Of 100 people in Brazil, how many use the internet?",in Brazil use the internet,The other {rest} have not been online in the last three months.
people-65-rus,magenta,pct,SP.POP.65UP.TO.ZS,RUS,,,"Of 100 people in Russia, how many are 65 or older?",in Russia are 65 or older,The other {rest} are younger than 65.
home-city-jpn,teal,pct,SP.URB.TOTL.IN.ZS,JPN,,,"Of 100 people in Japan, how many live in a town or city?",in Japan live in a town or city,The other {rest} live in the countryside.
money-account-tur,green,pct,FX.OWN.TOTL.ZS,TUR,,,"Of 100 adults in Turkey, how many have a bank or mobile-money account?",adults in Turkey have a bank or mobile-money account,"A mobile-money account lives on a phone, with no bank branch needed."
people-children-ken,magenta,pct,SP.POP.0014.TO.ZS,KEN,,,"Of 100 people in Kenya, how many are children under 15?",in Kenya are children under 15,That counts everyone from newborn babies to 14-year-olds.
work-farming-chn,green,pct,SL.AGR.EMPL.ZS,CHN,,,"Of 100 workers in China, how many work in farming?",workers in China work in farming,Farming here also covers forestry and fishing.
home-cooking-ind,teal,pct,EG.CFT.ACCS.ZS,IND,,,"Of 100 people in India, how many cook with clean fuel, such as gas or electricity?",in India cook with clean fuel,"The other {rest} cook with fuels like wood, charcoal or coal."
health-measles-phl,red,pct,SH.IMM.MEAS,PHL,,,"Of 100 one-year-olds in the Philippines, how many are vaccinated against measles?",one-year-olds in the Philippines are vaccinated against measles,So about {rest} in 100 start life without that protection.
home-electricity-uga,teal,pct,EG.ELC.ACCS.ZS,UGA,,CC BY-4.0,"Of 100 people in Uganda, how many have electricity at home?",in Uganda have electricity at home,So about {rest} in 100 still live without it.
school-read-bgd,violet,pct,SE.ADT.LITR.ZS,BGD,,,"Of 100 adults in Bangladesh, how many can read and write?",adults in Bangladesh can read and write,Adults here means everyone aged 15 or older.
work-women-jpn,green,pct,SL.TLF.TOTL.FE.ZS,JPN,,,"Of 100 people in Japan's workforce, how many are women?",workers in Japan are women,The workforce counts everyone who has a job or is looking for one.
home-water-eth,teal,pct,SH.H2O.SMDW.ZS,ETH,,,"Of 100 people in Ethiopia, how many have safe drinking water at home?",in Ethiopia have safe drinking water at home,"Safe means: at home, there when needed, and free of contamination."
people-parliament-bra,magenta,pct,SG.GEN.PARL.ZS,BRA,,,"Of 100 members of parliament in Brazil, how many are women?",members of parliament in Brazil are women,So men hold about {rest} of every 100 seats in its lower or only house.
home-toilet-chn,teal,pct,SH.STA.SMSS.ZS,CHN,,,"Of 100 people in China, how many have a safe toilet at home?",in China have a safe toilet at home,"Safe means a toilet not shared with other homes, where the waste is safely disposed of or treated."
money-account-ken,green,pct,FX.OWN.TOTL.ZS,KEN,,,"Of 100 adults in Kenya, how many have a bank or mobile-money account?",adults in Kenya have a bank or mobile-money account,"A mobile-money account lives on a phone, with no bank branch needed."
home-internet-egy,teal,pct,IT.NET.USER.ZS,EGY,,,"Of 100 people in Egypt, how many use the internet?",in Egypt use the internet,The other {rest} have not been online in the last three months.
people-65-can,magenta,pct,SP.POP.65UP.TO.ZS,CAN,,,"Of 100 people in Canada, how many are 65 or older?",in Canada are 65 or older,The other {rest} are younger than 65.
home-city-vnm,teal,pct,SP.URB.TOTL.IN.ZS,VNM,,,"Of 100 people in Vietnam, how many live in a town or city?",in Vietnam live in a town or city,The other {rest} live in the countryside.
work-farming-idn,green,pct,SL.AGR.EMPL.ZS,IDN,,,"Of 100 workers in Indonesia, how many work in farming?",workers in Indonesia work in farming,Farming here also covers forestry and fishing.
people-children-bra,magenta,pct,SP.POP.0014.TO.ZS,BRA,,,"Of 100 people in Brazil, how many are children under 15?",in Brazil are children under 15,That counts everyone from newborn babies to 14-year-olds.
home-cooking-ken,teal,pct,EG.CFT.ACCS.ZS,KEN,,,"Of 100 people in Kenya, how many cook with clean fuel, such as gas or electricity?",in Kenya cook with clean fuel,"The other {rest} cook with fuels like wood, charcoal or coal."
people-parliament-jpn,magenta,pct,SG.GEN.PARL.ZS,JPN,,,"Of 100 members of parliament in Japan, how many are women?",members of parliament in Japan are women,So men hold about {rest} of every 100 seats in its lower or only house.
home-electricity-nga,teal,pct,EG.ELC.ACCS.ZS,NGA,,CC BY-4.0,"Of 100 people in Nigeria, how many have electricity at home?",in Nigeria have electricity at home,So about {rest} in 100 still live without it.
health-measles-afg,red,pct,SH.IMM.MEAS,AFG,,,"Of 100 one-year-olds in Afghanistan, how many are vaccinated against measles?",one-year-olds in Afghanistan are vaccinated against measles,So about {rest} in 100 start life without that protection.
home-internet-mex,teal,pct,IT.NET.USER.ZS,MEX,,,"Of 100 people in Mexico, how many use the internet?",in Mexico use the internet,The other {rest} have not been online in the last three months.
people-65-usa,magenta,pct,SP.POP.65UP.TO.ZS,USA,,,"Of 100 people in the United States, how many are 65 or older?",in the United States are 65 or older,The other {rest} are younger than 65.
money-account-ind,green,pct,FX.OWN.TOTL.ZS,IND,,,"Of 100 adults in India, how many have a bank or mobile-money account?",adults in India have a bank or mobile-money account,"A mobile-money account lives on a phone, with no bank branch needed."
home-city-bgd,teal,pct,SP.URB.TOTL.IN.ZS,BGD,,,"Of 100 people in Bangladesh, how many live in a town or city?",in Bangladesh live in a town or city,The other {rest} live in the countryside.
work-farming-bra,green,pct,SL.AGR.EMPL.ZS,BRA,,,"Of 100 workers in Brazil, how many work in farming?",workers in Brazil work in farming,Farming here also covers forestry and fishing.
home-water-pak,teal,pct,SH.H2O.SMDW.ZS,PAK,,,"Of 100 people in Pakistan, how many have safe drinking water at home?",in Pakistan have safe drinking water at home,"Safe means: at home, there when needed, and free of contamination."
people-parliament-gbr,magenta,pct,SG.GEN.PARL.ZS,GBR,,,"Of 100 members of parliament in the United Kingdom, how many are women?",members of parliament in the United Kingdom are women,So men hold about {rest} of every 100 seats in its lower or only house.
home-cooking-nga,teal,pct,EG.CFT.ACCS.ZS,NGA,,,"Of 100 people in Nigeria, how many cook with clean fuel, such as gas or electricity?",in Nigeria cook with clean fuel,"The other {rest} cook with fuels like wood, charcoal or coal."
people-children-deu,magenta,pct,SP.POP.0014.TO.ZS,DEU,,,"Of 100 people in Germany, how many are children under 15?",in Germany are children under 15,That counts everyone from newborn babies to 14-year-olds.
home-electricity-eth,teal,pct,EG.ELC.ACCS.ZS,ETH,,CC BY-4.0,"Of 100 people in Ethiopia, how many have electricity at home?",in Ethiopia have electricity at home,So about {rest} in 100 still live without it.
people-65-chn,magenta,pct,SP.POP.65UP.TO.ZS,CHN,,,"Of 100 people in China, how many are 65 or older?",in China are 65 or older,The other {rest} are younger than 65.
home-internet-zaf,teal,pct,IT.NET.USER.ZS,ZAF,,,"Of 100 people in South Africa, how many use the internet?",in South Africa use the internet,The other {rest} have not been online in the last three months.
school-read-ind,violet,pct,SE.ADT.LITR.ZS,IND,,,"Of 100 adults in India, how many can read and write?",adults in India can read and write,Adults here means everyone aged 15 or older.
money-account-bra,green,pct,FX.OWN.TOTL.ZS,BRA,,,"Of 100 adults in Brazil, how many have a bank or mobile-money account?",adults in Brazil have a bank or mobile-money account,"A mobile-money account lives on a phone, with no bank branch needed."
home-city-ken,teal,pct,SP.URB.TOTL.IN.ZS,KEN,,,"Of 100 people in Kenya, how many live in a town or city?",in Kenya live in a town or city,The other {rest} live in the countryside.
work-farming-vnm,green,pct,SL.AGR.EMPL.ZS,VNM,,,"Of 100 workers in Vietnam, how many work in farming?",workers in Vietnam work in farming,Farming here also covers forestry and fishing.
people-parliament-ind,magenta,pct,SG.GEN.PARL.ZS,IND,,,"Of 100 members of parliament in India, how many are women?",members of parliament in India are women,So men hold about {rest} of every 100 seats in its lower or only house.
health-measles-mdg,red,pct,SH.IMM.MEAS,MDG,,,"Of 100 one-year-olds in Madagascar, how many are vaccinated against measles?",one-year-olds in Madagascar are vaccinated against measles,So about {rest} in 100 start life without that protection.
home-toilet-bra,teal,pct,SH.STA.SMSS.ZS,BRA,,,"Of 100 people in Brazil, how many have a safe toilet at home?",in Brazil have a safe toilet at home,"Safe means a toilet not shared with other homes, where the waste is safely disposed of or treated."
people-65-jpn,magenta,pct,SP.POP.65UP.TO.ZS,JPN,,,"Of 100 people in Japan, how many are 65 or older?",in Japan are 65 or older,The other {rest} are younger than 65.
home-cooking-phl,teal,pct,EG.CFT.ACCS.ZS,PHL,,,"Of 100 people in the Philippines, how many cook with clean fuel, such as gas or electricity?",in the Philippines cook with clean fuel,"The other {rest} cook with fuels like wood, charcoal or coal."
people-children-ind,magenta,pct,SP.POP.0014.TO.ZS,IND,,,"Of 100 people in India, how many are children under 15?",in India are children under 15,That counts everyone from newborn babies to 14-year-olds.
home-internet-idn,teal,pct,IT.NET.USER.ZS,IDN,,,"Of 100 people in Indonesia, how many use the internet?",in Indonesia use the internet,The other {rest} have not been online in the last three months.
work-women-egy,green,pct,SL.TLF.TOTL.FE.ZS,EGY,,,"Of 100 people in Egypt's workforce, how many are women?",workers in Egypt are women,The workforce counts everyone who has a job or is looking for one.
home-electricity-mdg,teal,pct,EG.ELC.ACCS.ZS,MDG,,CC BY-4.0,"Of 100 people in Madagascar, how many have electricity at home?",in Madagascar have electricity at home,So about {rest} in 100 still live without it.
people-parliament-can,magenta,pct,SG.GEN.PARL.ZS,CAN,,,"Of 100 members of parliament in Canada, how many are women?",members of parliament in Canada are women,So men hold about {rest} of every 100 seats in its lower or only house.
home-city-nga,teal,pct,SP.URB.TOTL.IN.ZS,NGA,,,"Of 100 people in Nigeria, how many live in a town or city?",in Nigeria live in a town or city,The other {rest} live in the countryside.
work-farming-eth,green,pct,SL.AGR.EMPL.ZS,ETH,,,"Of 100 workers in Ethiopia, how many work in farming?",workers in Ethiopia work in farming,Farming here also covers forestry and fishing.
home-water-bgd,teal,pct,SH.H2O.SMDW.ZS,BGD,,,"Of 100 people in Bangladesh, how many have safe drinking water at home?",in Bangladesh have safe drinking water at home,"Safe means: at home, there when needed, and free of contamination."
people-65-bra,magenta,pct,SP.POP.65UP.TO.ZS,BRA,,,"Of 100 people in Brazil, how many are 65 or older?",in Brazil are 65 or older,The other {rest} are younger than 65.
money-account-pak,green,pct,FX.OWN.TOTL.ZS,PAK,,,"Of 100 adults in Pakistan, how many have a bank or mobile-money account?",adults in Pakistan have a bank or mobile-money account,"A mobile-money account lives on a phone, with no bank branch needed."
home-internet-ind,teal,pct,IT.NET.USER.ZS,IND,,,"Of 100 people in India, how many use the internet?",in India use the internet,The other {rest} have not been online in the last three months.
people-children-eth,magenta,pct,SP.POP.0014.TO.ZS,ETH,,,"Of 100 people in Ethiopia, how many are children under 15?",in Ethiopia are children under 15,That counts everyone from newborn babies to 14-year-olds.
home-cooking-bgd,teal,pct,EG.CFT.ACCS.ZS,BGD,,,"Of 100 people in Bangladesh, how many cook with clean fuel, such as gas or electricity?",in Bangladesh cook with clean fuel,"The other {rest} cook with fuels like wood, charcoal or coal."
health-measles-pak,red,pct,SH.IMM.MEAS,PAK,,,"Of 100 one-year-olds in Pakistan, how many are vaccinated against measles?",one-year-olds in Pakistan are vaccinated against measles,So about {rest} in 100 start life without that protection.
home-electricity-mmr,teal,pct,EG.ELC.ACCS.ZS,MMR,,CC BY-4.0,"Of 100 people in Myanmar, how many have electricity at home?",in Myanmar have electricity at home,So about {rest} in 100 still live without it.
people-parliament-nzl,magenta,pct,SG.GEN.PARL.ZS,NZL,,,"Of 100 members of parliament in New Zealand, how many are women?",members of parliament in New Zealand are women,So men hold about {rest} of every 100 seats in its lower or only house.
home-city-egy,teal,pct,SP.URB.TOTL.IN.ZS,EGY,,,"Of 100 people in Egypt, how many live in a town or city?",in Egypt live in a town or city,The other {rest} live in the countryside.
people-65-ind,magenta,pct,SP.POP.65UP.TO.ZS,IND,,,"Of 100 people in India, how many are 65 or older?",in India are 65 or older,The other {rest} are younger than 65.
work-farming-ken,green,pct,SL.AGR.EMPL.ZS,KEN,,,"Of 100 workers in Kenya, how many work in farming?",workers in Kenya work in farming,Farming here also covers forestry and fishing.
school-read-pak,violet,pct,SE.ADT.LITR.ZS,PAK,,,"Of 100 adults in Pakistan, how many can read and write?",adults in Pakistan can read and write,Adults here means everyone aged 15 or older.
home-internet-vnm,teal,pct,IT.NET.USER.ZS,VNM,,,"Of 100 people in Vietnam, how many use the internet?",in Vietnam use the internet,The other {rest} have not been online in the last three months.
money-account-nga,green,pct,FX.OWN.TOTL.ZS,NGA,,,"Of 100 adults in Nigeria, how many have a bank or mobile-money account?",adults in Nigeria have a bank or mobile-money account,"A mobile-money account lives on a phone, with no bank branch needed."
home-water-mex,teal,pct,SH.H2O.SMDW.ZS,MEX,,,"Of 100 people in Mexico, how many have safe drinking water at home?",in Mexico have safe drinking water at home,"Safe means: at home, there when needed, and free of contamination."
people-children-chn,magenta,pct,SP.POP.0014.TO.ZS,CHN,,,"Of 100 people in China, how many are children under 15?",in China are children under 15,That counts everyone from newborn babies to 14-year-olds.
home-cooking-mmr,teal,pct,EG.CFT.ACCS.ZS,MMR,,,"Of 100 people in Myanmar, how many cook with clean fuel, such as gas or electricity?",in Myanmar cook with clean fuel,"The other {rest} cook with fuels like wood, charcoal or coal."
people-parliament-esp,magenta,pct,SG.GEN.PARL.ZS,ESP,,,"Of 100 members of parliament in Spain, how many are women?",members of parliament in Spain are women,So men hold about {rest} of every 100 seats in its lower or only house.
home-toilet-nga,teal,pct,SH.STA.SMSS.ZS,NGA,,,"Of 100 people in Nigeria, how many have a safe toilet at home?",in Nigeria have a safe toilet at home,"Safe means a toilet not shared with other homes, where the waste is safely disposed of or treated."
work-farming-pak,green,pct,SL.AGR.EMPL.ZS,PAK,,,"Of 100 workers in Pakistan, how many work in farming?",workers in Pakistan work in farming,Farming here also covers forestry and fishing.
home-city-chn,teal,pct,SP.URB.TOTL.IN.ZS,CHN,,,"Of 100 people in China, how many live in a town or city?",in China live in a town or city,The other {rest} live in the countryside.
people-65-deu,magenta,pct,SP.POP.65UP.TO.ZS,DEU,,,"Of 100 people in Germany, how many are 65 or older?",in Germany are 65 or older,The other {rest} are younger than 65.
home-electricity-hti,teal,pct,EG.ELC.ACCS.ZS,HTI,,CC BY-4.0,"Of 100 people in Haiti, how many have electricity at home?",in Haiti have electricity at home,So about {rest} in 100 still live without it.
money-account-mex,green,pct,FX.OWN.TOTL.ZS,MEX,,,"Of 100 adults in Mexico, how many have a bank or mobile-money account?",adults in Mexico have a bank or mobile-money account,"A mobile-money account lives on a phone, with no bank branch needed."
home-internet-nga,teal,pct,IT.NET.USER.ZS,NGA,,,"Of 100 people in Nigeria, how many use the internet?",in Nigeria use the internet,The other {rest} have not been online in the last three months.
health-measles-eth,red,pct,SH.IMM.MEAS,ETH,,,"Of 100 one-year-olds in Ethiopia, how many are vaccinated against measles?",one-year-olds in Ethiopia are vaccinated against measles,So about {rest} in 100 start life without that protection.
people-parliament-zaf,magenta,pct,SG.GEN.PARL.ZS,ZAF,,,"Of 100 members of parliament in South Africa, how many are women?",members of parliament in South Africa are women,So men hold about {rest} of every 100 seats in its lower or only house.
home-cooking-idn,teal,pct,EG.CFT.ACCS.ZS,IDN,,,"Of 100 people in Indonesia, how many cook with clean fuel, such as gas or electricity?",in Indonesia cook with clean fuel,"The other {rest} cook with fuels like wood, charcoal or coal."
people-children-pak,magenta,pct,SP.POP.0014.TO.ZS,PAK,,,"Of 100 people in Pakistan, how many are children under 15?",in Pakistan are children under 15,That counts everyone from newborn babies to 14-year-olds.
home-city-deu,teal,pct,SP.URB.TOTL.IN.ZS,DEU,,,"Of 100 people in Germany, how many live in a town or city?",in Germany live in a town or city,The other {rest} live in the countryside.
people-65-kor,magenta,pct,SP.POP.65UP.TO.ZS,KOR,,,"Of 100 people in South Korea, how many are 65 or older?",in South Korea are 65 or older,The other {rest} are younger than 65.
home-water-nga,teal,pct,SH.H2O.SMDW.ZS,NGA,,,"Of 100 people in Nigeria, how many have safe drinking water at home?",in Nigeria have safe drinking water at home,"Safe means: at home, there when needed, and free of contamination."
work-farming-ind,green,pct,SL.AGR.EMPL.ZS,IND,,,"Of 100 workers in India, how many work in farming?",workers in India work in farming,Farming here also covers forestry and fishing.
home-electricity-moz,teal,pct,EG.ELC.ACCS.ZS,MOZ,,CC BY-4.0,"Of 100 people in Mozambique, how many have electricity at home?",in Mozambique have electricity at home,So about {rest} in 100 still live without it.
money-account-vnm,green,pct,FX.OWN.TOTL.ZS,VNM,,,"Of 100 adults in Vietnam, how many have a bank or mobile-money account?",adults in Vietnam have a bank or mobile-money account,"A mobile-money account lives on a phone, with no bank branch needed."
home-internet-pak,teal,pct,IT.NET.USER.ZS,PAK,,,"Of 100 people in Pakistan, how many use the internet?",in Pakistan use the internet,The other {rest} have not been online in the last three months.
work-women-ind,green,pct,SL.TLF.TOTL.FE.ZS,IND,,,"Of 100 people in India's workforce, how many are women?",workers in India are women,The workforce counts everyone who has a job or is looking for one.
people-parliament-swe,magenta,pct,SG.GEN.PARL.ZS,SWE,,,"Of 100 members of parliament in Sweden, how many are women?",members of parliament in Sweden are women,So men hold about {rest} of every 100 seats in its lower or only house.
school-read-egy,violet,pct,SE.ADT.LITR.ZS,EGY,,,"Of 100 adults in Egypt, how many can read and write?",adults in Egypt can read and write,Adults here means everyone aged 15 or older.
home-city-eth,teal,pct,SP.URB.TOTL.IN.ZS,ETH,,,"Of 100 people in Ethiopia, how many live in a town or city?",in Ethiopia live in a town or city,The other {rest} live in the countryside.
people-65-gbr,magenta,pct,SP.POP.65UP.TO.ZS,GBR,,,"Of 100 people in the United Kingdom, how many are 65 or older?",in the United Kingdom are 65 or older,The other {rest} are younger than 65.
home-cooking-pak,teal,pct,EG.CFT.ACCS.ZS,PAK,,,"Of 100 people in Pakistan, how many cook with clean fuel, such as gas or electricity?",in Pakistan cook with clean fuel,"The other {rest} cook with fuels like wood, charcoal or coal."
people-children-nga,magenta,pct,SP.POP.0014.TO.ZS,NGA,,,"Of 100 people in Nigeria, how many are children under 15?",in Nigeria are children under 15,That counts everyone from newborn babies to 14-year-olds.
home-toilet-ind,teal,pct,SH.STA.SMSS.ZS,IND,,,"Of 100 people in India, how many have a safe toilet at home?",in India have a safe toilet at home,"Safe means a toilet not shared with other homes, where the waste is safely disposed of or treated."
money-account-bgd,green,pct,FX.OWN.TOTL.ZS,BGD,,,"Of 100 adults in Bangladesh, how many have a bank or mobile-money account?",adults in Bangladesh have a bank or mobile-money account,"A mobile-money account lives on a phone, with no bank branch needed."
home-electricity-tza,teal,pct,EG.ELC.ACCS.ZS,TZA,,CC BY-4.0,"Of 100 people in Tanzania, how many have electricity at home?",in Tanzania have electricity at home,So about {rest} in 100 still live without it.
work-farming-egy,green,pct,SL.AGR.EMPL.ZS,EGY,,,"Of 100 workers in Egypt, how many work in farming?",workers in Egypt work in farming,Farming here also covers forestry and fishing.
home-internet-eth,teal,pct,IT.NET.USER.ZS,ETH,,,"Of 100 people in Ethiopia, how many use the internet?",in Ethiopia use the internet,The other {rest} have not been online in the last three months.
people-parliament-mex,magenta,pct,SG.GEN.PARL.ZS,MEX,,,"Of 100 members of parliament in Mexico, how many are women?",members of parliament in Mexico are women,So men hold about {rest} of every 100 seats in its lower or only house.
health-measles-nga,red,pct,SH.IMM.MEAS,NGA,,,"Of 100 one-year-olds in Nigeria, how many are vaccinated against measles?",one-year-olds in Nigeria are vaccinated against measles,So about {rest} in 100 start life without that protection.
home-city-ind,teal,pct,SP.URB.TOTL.IN.ZS,IND,,,"Of 100 people in India, how many live in a town or city?",in India live in a town or city,The other {rest} live in the countryside.
people-65-fra,magenta,pct,SP.POP.65UP.TO.ZS,FRA,,,"Of 100 people in France, how many are 65 or older?",in France are 65 or older,The other {rest} are younger than 65.
home-water-bra,teal,pct,SH.H2O.SMDW.ZS,BRA,,,"Of 100 people in Brazil, how many have safe drinking water at home?",in Brazil have safe drinking water at home,"Safe means: at home, there when needed, and free of contamination."
money-account-idn,green,pct,FX.OWN.TOTL.ZS,IDN,,,"Of 100 adults in Indonesia, how many have a bank or mobile-money account?",adults in Indonesia have a bank or mobile-money account,"A mobile-money account lives on a phone, with no bank branch needed."
home-cooking-eth,teal,pct,EG.CFT.ACCS.ZS,ETH,,,"Of 100 people in Ethiopia, how many cook with clean fuel, such as gas or electricity?",in Ethiopia cook with clean fuel,"The other {rest} cook with fuels like wood, charcoal or coal."
people-children-jpn,magenta,pct,SP.POP.0014.TO.ZS,JPN,,,"Of 100 people in Japan, how many are children under 15?",in Japan are children under 15,That counts everyone from newborn babies to 14-year-olds.
work-farming-bgd,green,pct,SL.AGR.EMPL.ZS,BGD,,,"Of 100 workers in Bangladesh, how many work in farming?",workers in Bangladesh work in farming,Farming here also covers forestry and fishing.
home-electricity-ken,teal,pct,EG.ELC.ACCS.ZS,KEN,,CC BY-4.0,"Of 100 people in Kenya, how many have electricity at home?",in Kenya have electricity at home,So about {rest} in 100 still live without it.
people-parliament-rwa,magenta,pct,SG.GEN.PARL.ZS,RWA,,,"Of 100 members of parliament in Rwanda, how many are women?",members of parliament in Rwanda are women,So men hold about {rest} of every 100 seats in its lower or only house.
home-city-pak,teal,pct,SP.URB.TOTL.IN.ZS,PAK,,,"Of 100 people in Pakistan, how many live in a town or city?",in Pakistan live in a town or city,The other {rest} live in the countryside.
people-65-ita,magenta,pct,SP.POP.65UP.TO.ZS,ITA,,,"Of 100 people in Italy, how many are 65 or older?",in Italy are 65 or older,The other {rest} are younger than 65.
home-internet-ken,teal,pct,IT.NET.USER.ZS,KEN,,,"Of 100 people in Kenya, how many use the internet?",in Kenya use the internet,The other {rest} have not been online in the last three months.
