code,name,continent
AFG,Afghanistan,Asia
ALB,Albania,Europe
DZA,Algeria,Africa
ASM,American Samoa,Oceania
AND,Andorra,Europe
AGO,Angola,Africa
ATG,Antigua and Barbuda,Americas
ARG,Argentina,Americas
ARM,Armenia,Asia
ABW,Aruba,Americas
AUS,Australia,Oceania
AUT,Austria,Europe
AZE,Azerbaijan,Asia
BHS,"Bahamas, The",Americas
BHR,Bahrain,Asia
BGD,Bangladesh,Asia
BRB,Barbados,Americas
BLR,Belarus,Europe
BEL,Belgium,Europe
BLZ,Belize,Americas
BEN,Benin,Africa
BMU,Bermuda,Americas
BTN,Bhutan,Asia
BOL,Bolivia,Americas
BIH,Bosnia and Herzegovina,Europe
BWA,Botswana,Africa
BRA,Brazil,Americas
VGB,British Virgin Islands,Americas
BRN,Brunei Darussalam,Asia
BGR,Bulgaria,Europe
BFA,Burkina Faso,Africa
BDI,Burundi,Africa
CPV,Cabo Verde,Africa
KHM,Cambodia,Asia
CMR,Cameroon,Africa
CAN,Canada,Americas
CYM,Cayman Islands,Americas
CAF,Central African Republic,Africa
TCD,Chad,Africa
CHI,Channel Islands,Europe
CHL,Chile,Americas
CHN,China,Asia
COL,Colombia,Americas
COM,Comoros,Africa
COD,"Congo, Dem. Rep.",Africa
COG,"Congo, Rep.",Africa
CRI,Costa Rica,Americas
CIV,Cote d'Ivoire,Africa
HRV,Croatia,Europe
CUB,Cuba,Americas
CUW,Curacao,Americas
CYP,Cyprus,Asia
CZE,Czechia,Europe
DNK,Denmark,Europe
DJI,Djibouti,Africa
DMA,Dominica,Americas
DOM,Dominican Republic,Americas
ECU,Ecuador,Americas
EGY,"Egypt, Arab Rep.",Africa
SLV,El Salvador,Americas
GNQ,Equatorial Guinea,Africa
ERI,Eritrea,Africa
EST,Estonia,Europe
SWZ,Eswatini,Africa
ETH,Ethiopia,Africa
FRO,Faroe Islands,Europe
FJI,Fiji,Oceania
FIN,Finland,Europe
FRA,France,Europe
PYF,French Polynesia,Oceania
GAB,Gabon,Africa
GMB,"Gambia, The",Africa
GEO,Georgia,Asia
DEU,Germany,Europe
GHA,Ghana,Africa
GIB,Gibraltar,Europe
GRC,Greece,Europe
GRL,Greenland,Americas
GRD,Grenada,Americas
GUM,Guam,Oceania
GTM,Guatemala,Americas
GIN,Guinea,Africa
GNB,Guinea-Bissau,Africa
GUY,Guyana,Americas
HTI,Haiti,Americas
HND,Honduras,Americas
HKG,"Hong Kong SAR, China",Asia
HUN,Hungary,Europe
ISL,Iceland,Europe
IND,India,Asia
IDN,Indonesia,Asia
IRN,"Iran, Islamic Rep.",Asia
IRQ,Iraq,Asia
IRL,Ireland,Europe
IMN,Isle of Man,Europe
ISR,Israel,Asia
ITA,Italy,Europe
JAM,Jamaica,Americas
JPN,Japan,Asia
JOR,Jordan,Asia
KAZ,Kazakhstan,Asia
KEN,Kenya,Africa
KIR,Kiribati,Oceania
PRK,"Korea, Dem. People's Rep.",Asia
KOR,"Korea, Rep.",Asia
XKX,Kosovo,Europe
KWT,Kuwait,Asia
KGZ,Kyrgyz Republic,Asia
LAO,Lao PDR,Asia
LVA,Latvia,Europe
LBN,Lebanon,Asia
LSO,Lesotho,Africa
LBR,Liberia,Africa
LBY,Libya,Africa
LIE,Liechtenstein,Europe
LTU,Lithuania,Europe
LUX,Luxembourg,Europe
MAC,"Macao SAR, China",Asia
MDG,Madagascar,Africa
MWI,Malawi,Africa
MYS,Malaysia,Asia
MDV,Maldives,Asia
MLI,Mali,Africa
MLT,Malta,Europe
MHL,Marshall Islands,Oceania
MRT,Mauritania,Africa
MUS,Mauritius,Africa
MEX,Mexico,Americas
FSM,"Micronesia, Fed. Sts.",Oceania
MDA,Moldova,Europe
MCO,Monaco,Europe
MNG,Mongolia,Asia
MNE,Montenegro,Europe
MAR,Morocco,Africa
MOZ,Mozambique,Africa
MMR,Myanmar,Asia
NAM,Namibia,Africa
NRU,Naoero,Oceania
NPL,Nepal,Asia
NLD,Netherlands,Europe
NCL,New Caledonia,Oceania
NZL,New Zealand,Oceania
NIC,Nicaragua,Americas
NER,Niger,Africa
NGA,Nigeria,Africa
MKD,North Macedonia,Europe
MNP,Northern Mariana Islands,Oceania
NOR,Norway,Europe
OMN,Oman,Asia
PAK,Pakistan,Asia
PLW,Palau,Oceania
PAN,Panama,Americas
PNG,Papua New Guinea,Oceania
PRY,Paraguay,Americas
PER,Peru,Americas
PHL,Philippines,Asia
POL,Poland,Europe
PRT,Portugal,Europe
PRI,Puerto Rico (US),Americas
QAT,Qatar,Asia
ROU,Romania,Europe
RUS,Russian Federation,Europe
RWA,Rwanda,Africa
WSM,Samoa,Oceania
SMR,San Marino,Europe
STP,Sao Tome and Principe,Africa
SAU,Saudi Arabia,Asia
SEN,Senegal,Africa
SRB,Serbia,Europe
SYC,Seychelles,Africa
SLE,Sierra Leone,Africa
SGP,Singapore,Asia
SXM,Sint Maarten (Dutch part),Americas
SVK,Slovak Republic,Europe
SVN,Slovenia,Europe
SLB,Solomon Islands,Oceania
SOM,"Somalia, Fed. Rep.",Africa
ZAF,South Africa,Africa
SSD,South Sudan,Africa
ESP,Spain,Europe
LKA,Sri Lanka,Asia
KNA,St. Kitts and Nevis,Americas
LCA,St. Lucia,Americas
MAF,St. Martin (French part),Americas
VCT,St. Vincent and the Grenadines,Americas
SDN,Sudan,Africa
SUR,Suriname,Americas
SWE,Sweden,Europe
CHE,Switzerland,Europe
SYR,Syrian Arab Republic,Asia
TJK,Tajikistan,Asia
TZA,Tanzania,Africa
THA,Thailand,Asia
TLS,Timor-Leste,Asia
TGO,Togo,Africa
TON,Tonga,Oceania
TTO,Trinidad and Tobago,Americas
TUN,Tunisia,Africa
TUR,Turkiye,Asia
TKM,Turkmenistan,Asia
TCA,Turks and Caicos Islands,Americas
TUV,Tuvalu,Oceania
UGA,Uganda,Africa
UKR,Ukraine,Europe
ARE,United Arab Emirates,Asia
GBR,United Kingdom,Europe
USA,United States,Americas
URY,Uruguay,Americas
UZB,Uzbekistan,Asia
VUT,Vanuatu,Oceania
VEN,"Venezuela, RB",Americas
VNM,Viet Nam,Asia
VIR,Virgin Islands (U.S.),Americas
PSE,West Bank and Gaza,Asia
YEM,"Yemen, Rep.",Asia
ZMB,Zambia,Africa
ZWE,Zimbabwe,Africa
_UNLISTED,In the world total but not listed separately,Asia
