file,url,home,photo,dollar_street_photo_id,dollar_street_family
f263-1.jpg,https://media.dollarstreet.org/5d4be18bcf0b3a0f3f33b36d/5d4be18bcf0b3a0f3f33b36d_640.JPG,f263,outside,5d4be18bcf0b3a0f3f33b36d,family-263
f263-2.jpg,https://media.dollarstreet.org/5d4be18bcf0b3a0f3f33b375/5d4be18bcf0b3a0f3f33b375_640.JPG,f263,cooking,5d4be18bcf0b3a0f3f33b375,family-263
f263-3.jpg,https://media.dollarstreet.org/5d4be191cf0b3a0f3f33b417/5d4be191cf0b3a0f3f33b417_640.JPG,f263,sleeping,5d4be191cf0b3a0f3f33b417,family-263
f409-1.jpg,https://media.dollarstreet.org/5ec4f853f0611d7ddd740dca/5ec4f853f0611d7ddd740dca_640.JPG,f409,outside,5ec4f853f0611d7ddd740dca,family-409
f409-2.jpg,https://media.dollarstreet.org/5ec4f848f0611d7ddd740d6b/5ec4f848f0611d7ddd740d6b_640.JPG,f409,cooking,5ec4f848f0611d7ddd740d6b,family-409
f409-3.jpg,https://media.dollarstreet.org/5ec4f858f0611d7ddd740df1/5ec4f858f0611d7ddd740df1_640.JPG,f409,sleeping,5ec4f858f0611d7ddd740df1,family-409
f100-1.jpg,https://media.dollarstreet.org/5d4beedbcf0b3a0f3f3522a8/5d4beedbcf0b3a0f3f3522a8_640.jpg,f100,outside,5d4beedbcf0b3a0f3f3522a8,family-100
f100-2.jpg,https://media.dollarstreet.org/5d4beee1cf0b3a0f3f352354/5d4beee1cf0b3a0f3f352354_640.jpg,f100,cooking,5d4beee1cf0b3a0f3f352354,family-100
f100-3.jpg,https://media.dollarstreet.org/5d4beee0cf0b3a0f3f352346/5d4beee0cf0b3a0f3f352346_640.jpg,f100,sleeping,5d4beee0cf0b3a0f3f352346,family-100
f369-1.jpg,https://media.dollarstreet.org/5fb448634fe4b31d5752e8bc/521b9b88dd9e134e82aba7058136514e/5fb448634fe4b31d5752e8bc_640.JPG,f369,outside,5fb448634fe4b31d5752e8bc,family-369
f369-2.jpg,https://media.dollarstreet.org/5efba7bdaed7d921e9f1a004/5efba7bdaed7d921e9f1a004_640.JPG,f369,cooking,5efba7bdaed7d921e9f1a004,family-369
f369-3.jpg,https://media.dollarstreet.org/5efb447e48cdeb2907b5c51e/5efb447e48cdeb2907b5c51e_640.JPG,f369,sleeping,5efb447e48cdeb2907b5c51e,family-369
f87-1.jpg,https://media.dollarstreet.org/5d4bef7bcf0b3a0f3f353542/5d4bef7bcf0b3a0f3f353542_640.jpg,f87,outside,5d4bef7bcf0b3a0f3f353542,family-87
f87-2.jpg,https://media.dollarstreet.org/5d4bef78cf0b3a0f3f3534f0/5d4bef78cf0b3a0f3f3534f0_640.jpg,f87,cooking,5d4bef78cf0b3a0f3f3534f0,family-87
f87-3.jpg,https://media.dollarstreet.org/5d4bef7dcf0b3a0f3f353584/5d4bef7dcf0b3a0f3f353584_640.jpg,f87,sleeping,5d4bef7dcf0b3a0f3f353584,family-87
f353-1.jpg,https://media.dollarstreet.org/5fb811e973b0cb0283966c6f/bcc3405dcff4ce80f782dfd6ac324ac8/5fb811e973b0cb0283966c6f_640.jpg,f353,outside,5fb811e973b0cb0283966c6f,family-353
f353-2.jpg,https://media.dollarstreet.org/5ec4fb02f0611d7ddd742487/5ec4fb02f0611d7ddd742487_640.jpg,f353,cooking,5ec4fb02f0611d7ddd742487,family-353
f353-3.jpg,https://media.dollarstreet.org/5ec4fb06f0611d7ddd7424a2/5ec4fb06f0611d7ddd7424a2_640.jpg,f353,sleeping,5ec4fb06f0611d7ddd7424a2,family-353
f172-1.jpg,https://media.dollarstreet.org/5d4be92ecf0b3a0f3f34824e/5d4be92ecf0b3a0f3f34824e_640.jpg,f172,outside,5d4be92ecf0b3a0f3f34824e,family-172
f172-2.jpg,https://media.dollarstreet.org/5d4be94dcf0b3a0f3f3485e4/5d4be94dcf0b3a0f3f3485e4_640.jpg,f172,cooking,5d4be94dcf0b3a0f3f3485e4,family-172
f172-3.jpg,https://media.dollarstreet.org/5d4be925cf0b3a0f3f34814a/5d4be925cf0b3a0f3f34814a_640.jpg,f172,sleeping,5d4be925cf0b3a0f3f34814a,family-172
f7-1.jpg,https://media.dollarstreet.org/5d4bf43acf0b3a0f3f35b470/5d4bf43acf0b3a0f3f35b470_640.jpg,f7,outside,5d4bf43acf0b3a0f3f35b470,family-7
f7-2.jpg,https://media.dollarstreet.org/5d4bf44ccf0b3a0f3f35b67a/5d4bf44ccf0b3a0f3f35b67a_640.jpg,f7,cooking,5d4bf44ccf0b3a0f3f35b67a,family-7
f7-3.jpg,https://media.dollarstreet.org/5d4bf441cf0b3a0f3f35b536/5d4bf441cf0b3a0f3f35b536_640.jpg,f7,sleeping,5d4bf441cf0b3a0f3f35b536,family-7
f132-1.jpg,https://media.dollarstreet.org/5d4bedb1cf0b3a0f3f35015a/5d4bedb1cf0b3a0f3f35015a_640.jpg,f132,outside,5d4bedb1cf0b3a0f3f35015a,family-132
f132-2.jpg,https://media.dollarstreet.org/5d4bedc6cf0b3a0f3f3503cc/5d4bedc6cf0b3a0f3f3503cc_640.jpg,f132,cooking,5d4bedc6cf0b3a0f3f3503cc,family-132
f132-3.jpg,https://media.dollarstreet.org/5d4bedbacf0b3a0f3f350258/5d4bedbacf0b3a0f3f350258_640.jpg,f132,sleeping,5d4bedbacf0b3a0f3f350258,family-132
f227-1.jpg,https://media.dollarstreet.org/5d4be65bcf0b3a0f3f34385d/5d4be65bcf0b3a0f3f34385d_640.JPG,f227,outside,5d4be65bcf0b3a0f3f34385d,family-227
f227-2.jpg,https://media.dollarstreet.org/5d4be65bcf0b3a0f3f343867/5d4be65bcf0b3a0f3f343867_640.JPG,f227,cooking,5d4be65bcf0b3a0f3f343867,family-227
f227-3.jpg,https://media.dollarstreet.org/5d4be662cf0b3a0f3f34393d/5d4be662cf0b3a0f3f34393d_640.JPG,f227,sleeping,5d4be662cf0b3a0f3f34393d,family-227
f75-1.jpg,https://media.dollarstreet.org/5d4bf0dfcf0b3a0f3f355a3e/5d4bf0dfcf0b3a0f3f355a3e_640.jpg,f75,outside,5d4bf0dfcf0b3a0f3f355a3e,family-75
f75-2.jpg,https://media.dollarstreet.org/5d4bf104cf0b3a0f3f355d4a/5d4bf104cf0b3a0f3f355d4a_640.jpg,f75,cooking,5d4bf104cf0b3a0f3f355d4a,family-75
f75-3.jpg,https://media.dollarstreet.org/5d4bf0efcf0b3a0f3f355c1a/5d4bf0efcf0b3a0f3f355c1a_640.jpg,f75,sleeping,5d4bf0efcf0b3a0f3f355c1a,family-75
f365-1.jpg,https://media.dollarstreet.org/5ec4fac5f0611d7ddd74227e/5ec4fac5f0611d7ddd74227e_640.JPG,f365,outside,5ec4fac5f0611d7ddd74227e,family-365
f365-2.jpg,https://media.dollarstreet.org/5ec4fabff0611d7ddd74224e/5ec4fabff0611d7ddd74224e_640.JPG,f365,cooking,5ec4fabff0611d7ddd74224e,family-365
f365-3.jpg,https://media.dollarstreet.org/5ec4fac9f0611d7ddd7422a6/5ec4fac9f0611d7ddd7422a6_640.JPG,f365,sleeping,5ec4fac9f0611d7ddd7422a6,family-365
f21-1.jpg,https://media.dollarstreet.org/5d4bf318cf0b3a0f3f3597bc/5d4bf318cf0b3a0f3f3597bc_640.jpg,f21,outside,5d4bf318cf0b3a0f3f3597bc,family-21
f21-2.jpg,https://media.dollarstreet.org/5d4bf315cf0b3a0f3f359766/5d4bf315cf0b3a0f3f359766_640.jpg,f21,cooking,5d4bf315cf0b3a0f3f359766,family-21
f21-3.jpg,https://media.dollarstreet.org/5d4bf31bcf0b3a0f3f35980a/5d4bf31bcf0b3a0f3f35980a_640.jpg,f21,sleeping,5d4bf31bcf0b3a0f3f35980a,family-21
f394-1.jpg,https://media.dollarstreet.org/5ec4f904f0611d7ddd7413bb/5ec4f904f0611d7ddd7413bb_640.jpg,f394,outside,5ec4f904f0611d7ddd7413bb,family-394
f394-2.jpg,https://media.dollarstreet.org/5ec4f8fcf0611d7ddd741382/5ec4f8fcf0611d7ddd741382_640.jpg,f394,cooking,5ec4f8fcf0611d7ddd741382,family-394
f394-3.jpg,https://media.dollarstreet.org/5ec4f908f0611d7ddd7413e3/5ec4f908f0611d7ddd7413e3_640.jpg,f394,sleeping,5ec4f908f0611d7ddd7413e3,family-394
f196-1.jpg,https://media.dollarstreet.org/5d4be799cf0b3a0f3f345bdc/5d4be799cf0b3a0f3f345bdc_640.jpg,f196,outside,5d4be799cf0b3a0f3f345bdc,family-196
f196-2.jpg,https://media.dollarstreet.org/5d4be794cf0b3a0f3f345b40/5d4be794cf0b3a0f3f345b40_640.jpg,f196,cooking,5d4be794cf0b3a0f3f345b40,family-196
f196-3.jpg,https://media.dollarstreet.org/5d4be797cf0b3a0f3f345b9e/5d4be797cf0b3a0f3f345b9e_640.jpg,f196,sleeping,5d4be797cf0b3a0f3f345b9e,family-196
f295-1.jpg,https://media.dollarstreet.org/5d4be042cf0b3a0f3f338e8a/5d4be042cf0b3a0f3f338e8a_640.JPG,f295,outside,5d4be042cf0b3a0f3f338e8a,family-295
f295-2.jpg,https://media.dollarstreet.org/5d4be03acf0b3a0f3f338da4/5d4be03acf0b3a0f3f338da4_640.JPG,f295,cooking,5d4be03acf0b3a0f3f338da4,family-295
f295-3.jpg,https://media.dollarstreet.org/5d4be043cf0b3a0f3f338e9e/5d4be043cf0b3a0f3f338e9e_640.JPG,f295,sleeping,5d4be043cf0b3a0f3f338e9e,family-295
f166-1.jpg,https://media.dollarstreet.org/5d4bea90cf0b3a0f3f34aa9a/5d4bea90cf0b3a0f3f34aa9a_640.jpg,f166,outside,5d4bea90cf0b3a0f3f34aa9a,family-166
f166-2.jpg,https://media.dollarstreet.org/5d4beaa8cf0b3a0f3f34ad7c/5d4beaa8cf0b3a0f3f34ad7c_640.jpg,f166,cooking,5d4beaa8cf0b3a0f3f34ad7c,family-166
f166-3.jpg,https://media.dollarstreet.org/5d4bea9dcf0b3a0f3f34ac28/5d4bea9dcf0b3a0f3f34ac28_640.jpg,f166,sleeping,5d4bea9dcf0b3a0f3f34ac28,family-166
f380-1.jpg,https://media.dollarstreet.org/5ec4f9cdf0611d7ddd741a7b/5ec4f9cdf0611d7ddd741a7b_640.JPG,f380,outside,5ec4f9cdf0611d7ddd741a7b,family-380
f380-2.jpg,https://media.dollarstreet.org/5ec4f9cef0611d7ddd741a7d/5ec4f9cef0611d7ddd741a7d_640.JPG,f380,cooking,5ec4f9cef0611d7ddd741a7d,family-380
f380-3.jpg,https://media.dollarstreet.org/5ec4f9d0f0611d7ddd741a93/5ec4f9d0f0611d7ddd741a93_640.JPG,f380,sleeping,5ec4f9d0f0611d7ddd741a93,family-380
f272-1.jpg,https://media.dollarstreet.org/62f04f5060e97c48f6379a37/18baf7d812ef60ab7b26623f1656e2f5/62f04f5060e97c48f6379a37_640.jpg,f272,outside,62f04f5060e97c48f6379a37,family-272
f272-2.jpg,https://media.dollarstreet.org/5d4be12dcf0b3a0f3f33a97d/5d4be12dcf0b3a0f3f33a97d_640.jpg,f272,cooking,5d4be12dcf0b3a0f3f33a97d,family-272
f272-3.jpg,https://media.dollarstreet.org/5d4be133cf0b3a0f3f33aa35/5d4be133cf0b3a0f3f33aa35_640.jpg,f272,sleeping,5d4be133cf0b3a0f3f33aa35,family-272
f265-1.jpg,https://media.dollarstreet.org/5d4be1a8cf0b3a0f3f33b6cf/1708480ac57b13679fc03ad29dae224c/5d4be1a8cf0b3a0f3f33b6cf_640.jpg,f265,outside,5d4be1a8cf0b3a0f3f33b6cf,family-265
f265-2.jpg,https://media.dollarstreet.org/5d4be1a5cf0b3a0f3f33b677/5d4be1a5cf0b3a0f3f33b677_640.jpg,f265,cooking,5d4be1a5cf0b3a0f3f33b677,family-265
f265-3.jpg,https://media.dollarstreet.org/5d4be1abcf0b3a0f3f33b725/5d4be1abcf0b3a0f3f33b725_640.jpg,f265,sleeping,5d4be1abcf0b3a0f3f33b725,family-265
f19-1.jpg,https://media.dollarstreet.org/5d4bf310cf0b3a0f3f3596ea/5d4bf310cf0b3a0f3f3596ea_640.jpg,f19,outside,5d4bf310cf0b3a0f3f3596ea,family-19
f19-2.jpg,https://media.dollarstreet.org/5d4bf30ecf0b3a0f3f359698/5d4bf30ecf0b3a0f3f359698_640.jpg,f19,cooking,5d4bf30ecf0b3a0f3f359698,family-19
f19-3.jpg,https://media.dollarstreet.org/5d4bf313cf0b3a0f3f359732/5d4bf313cf0b3a0f3f359732_640.jpg,f19,sleeping,5d4bf313cf0b3a0f3f359732,family-19
f425-1.jpg,https://media.dollarstreet.org/5ed80a07b3236109329eb5ad/5ed80a07b3236109329eb5ad_640.jpg,f425,outside,5ed80a07b3236109329eb5ad,family-425
f425-2.jpg,https://media.dollarstreet.org/5ed6e46cb323617f969eb41b/5ed6e46cb323617f969eb41b_640.jpg,f425,cooking,5ed6e46cb323617f969eb41b,family-425
f425-3.jpg,https://media.dollarstreet.org/5ed7c35db323614a429eb577/5ed7c35db323614a429eb577_640.jpg,f425,sleeping,5ed7c35db323614a429eb577,family-425
f401-1.jpg,https://media.dollarstreet.org/62966468b1c7e819292ff197/82504e540170ffacd81d02ddde97427e/62966468b1c7e819292ff197_640.jpg,f401,outside,62966468b1c7e819292ff197,family-401
f401-2.jpg,https://media.dollarstreet.org/629288f3d960b29b6aaa4e38/276b9ed3ddbc21d301a2e5a32757364d/629288f3d960b29b6aaa4e38_640.jpg,f401,cooking,629288f3d960b29b6aaa4e38,family-401
f401-3.jpg,https://media.dollarstreet.org/6293e803352fa627756dbf1c/8554ce7cccd27fbc53db9014ace8b714/6293e803352fa627756dbf1c_640.jpg,f401,sleeping,6293e803352fa627756dbf1c,family-401
f8-1.jpg,https://media.dollarstreet.org/5d4be69bcf0b3a0f3f343fbf/5d4be69bcf0b3a0f3f343fbf_640.jpg,f8,outside,5d4be69bcf0b3a0f3f343fbf,family-8
f8-2.jpg,https://media.dollarstreet.org/5d4be6a0cf0b3a0f3f34405f/5d4be6a0cf0b3a0f3f34405f_640.jpg,f8,cooking,5d4be6a0cf0b3a0f3f34405f,family-8
f8-3.jpg,https://media.dollarstreet.org/5d4be69ecf0b3a0f3f34401f/5d4be69ecf0b3a0f3f34401f_640.jpg,f8,sleeping,5d4be69ecf0b3a0f3f34401f,family-8
f137-1.jpg,https://media.dollarstreet.org/5d4bedcfcf0b3a0f3f3504d4/5d4bedcfcf0b3a0f3f3504d4_640.jpg,f137,outside,5d4bedcfcf0b3a0f3f3504d4,family-137
f137-2.jpg,https://media.dollarstreet.org/5d4bedcecf0b3a0f3f3504b0/5d4bedcecf0b3a0f3f3504b0_640.jpg,f137,cooking,5d4bedcecf0b3a0f3f3504b0,family-137
f137-3.jpg,https://media.dollarstreet.org/5d4bedd1cf0b3a0f3f35051a/5d4bedd1cf0b3a0f3f35051a_640.jpg,f137,sleeping,5d4bedd1cf0b3a0f3f35051a,family-137
f312-1.jpg,https://media.dollarstreet.org/5d4bdf8acf0b3a0f3f337d19/5d4bdf8acf0b3a0f3f337d19_640.jpg,f312,outside,5d4bdf8acf0b3a0f3f337d19,family-312
f312-2.jpg,https://media.dollarstreet.org/5d4bdf88cf0b3a0f3f337cd5/5d4bdf88cf0b3a0f3f337cd5_640.jpg,f312,cooking,5d4bdf88cf0b3a0f3f337cd5,family-312
f312-3.jpg,https://media.dollarstreet.org/5d4bdf8ccf0b3a0f3f337d41/5d4bdf8ccf0b3a0f3f337d41_640.jpg,f312,sleeping,5d4bdf8ccf0b3a0f3f337d41,family-312
f120-1.jpg,https://media.dollarstreet.org/5d4bee23cf0b3a0f3f350e84/5d4bee23cf0b3a0f3f350e84_640.jpg,f120,outside,5d4bee23cf0b3a0f3f350e84,family-120
f120-2.jpg,https://media.dollarstreet.org/5d4bee22cf0b3a0f3f350e6a/5d4bee22cf0b3a0f3f350e6a_640.jpg,f120,cooking,5d4bee22cf0b3a0f3f350e6a,family-120
f120-3.jpg,https://media.dollarstreet.org/5d4bee21cf0b3a0f3f350e54/5d4bee21cf0b3a0f3f350e54_640.jpg,f120,sleeping,5d4bee21cf0b3a0f3f350e54,family-120
f54-1.jpg,https://media.dollarstreet.org/5d4bf133cf0b3a0f3f356242/5d4bf133cf0b3a0f3f356242_640.jpg,f54,outside,5d4bf133cf0b3a0f3f356242,family-54
f54-2.jpg,https://media.dollarstreet.org/5d4bf130cf0b3a0f3f3561e4/5d4bf130cf0b3a0f3f3561e4_640.jpg,f54,cooking,5d4bf130cf0b3a0f3f3561e4,family-54
f54-3.jpg,https://media.dollarstreet.org/5d4bf136cf0b3a0f3f356296/5d4bf136cf0b3a0f3f356296_640.jpg,f54,sleeping,5d4bf136cf0b3a0f3f356296,family-54
f1-1.jpg,https://media.dollarstreet.org/5f8591c3c28f0f64277cd473/41714bbb61de91d9cfa9a3a766ff4997/5f8591c3c28f0f64277cd473_640.jpg,f1,outside,5f8591c3c28f0f64277cd473,family-1
f1-2.jpg,https://media.dollarstreet.org/5f859240c28f0f53147cd733/5f859240c28f0f53147cd733_640.jpg,f1,cooking,5f859240c28f0f53147cd733,family-1
f1-3.jpg,https://media.dollarstreet.org/5f858921e4d0295a3f1d9274/5f858921e4d0295a3f1d9274_640.jpg,f1,sleeping,5f858921e4d0295a3f1d9274,family-1
f50-1.jpg,https://media.dollarstreet.org/5d4bf148cf0b3a0f3f3564b0/5d4bf148cf0b3a0f3f3564b0_640.jpg,f50,outside,5d4bf148cf0b3a0f3f3564b0,family-50
f50-2.jpg,https://media.dollarstreet.org/5d4bf145cf0b3a0f3f35644c/5d4bf145cf0b3a0f3f35644c_640.jpg,f50,cooking,5d4bf145cf0b3a0f3f35644c,family-50
f50-3.jpg,https://media.dollarstreet.org/5d4bf14bcf0b3a0f3f35650c/5d4bf14bcf0b3a0f3f35650c_640.jpg,f50,sleeping,5d4bf14bcf0b3a0f3f35650c,family-50
f18-1.jpg,https://media.dollarstreet.org/5d4bf330cf0b3a0f3f359a22/5d4bf330cf0b3a0f3f359a22_640.jpg,f18,outside,5d4bf330cf0b3a0f3f359a22,family-18
f18-2.jpg,https://media.dollarstreet.org/5d4bf330cf0b3a0f3f359a2e/5d4bf330cf0b3a0f3f359a2e_640.jpg,f18,cooking,5d4bf330cf0b3a0f3f359a2e,family-18
f18-3.jpg,https://media.dollarstreet.org/5d4bf336cf0b3a0f3f359ae2/5d4bf336cf0b3a0f3f359ae2_640.jpg,f18,sleeping,5d4bf336cf0b3a0f3f359ae2,family-18
f347-1.jpg,https://media.dollarstreet.org/5d4bde24cf0b3a0f3f335a5d/5d4bde24cf0b3a0f3f335a5d_640.JPG,f347,outside,5d4bde24cf0b3a0f3f335a5d,family-347
f347-2.jpg,https://media.dollarstreet.org/5d4bde28cf0b3a0f3f335aab/5d4bde28cf0b3a0f3f335aab_640.JPG,f347,cooking,5d4bde28cf0b3a0f3f335aab,family-347
f347-3.jpg,https://media.dollarstreet.org/5d4bde22cf0b3a0f3f335a37/5d4bde22cf0b3a0f3f335a37_640.JPG,f347,sleeping,5d4bde22cf0b3a0f3f335a37,family-347
f259-1.jpg,https://media.dollarstreet.org/5d4be1e0cf0b3a0f3f33bc01/5d4be1e0cf0b3a0f3f33bc01_640.JPG,f259,outside,5d4be1e0cf0b3a0f3f33bc01,family-259
f259-2.jpg,https://media.dollarstreet.org/5d4be1e1cf0b3a0f3f33bc07/5d4be1e1cf0b3a0f3f33bc07_640.JPG,f259,cooking,5d4be1e1cf0b3a0f3f33bc07,family-259
f259-3.jpg,https://media.dollarstreet.org/5d4be1e5cf0b3a0f3f33bc77/5d4be1e5cf0b3a0f3f33bc77_640.JPG,f259,sleeping,5d4be1e5cf0b3a0f3f33bc77,family-259
f285-1.jpg,https://media.dollarstreet.org/5d4be050cf0b3a0f3f33900c/5d4be050cf0b3a0f3f33900c_640.jpg,f285,outside,5d4be050cf0b3a0f3f33900c,family-285
f285-2.jpg,https://media.dollarstreet.org/5d4be0ddcf0b3a0f3f33a03d/5d4be0ddcf0b3a0f3f33a03d_640.JPG,f285,cooking,5d4be0ddcf0b3a0f3f33a03d,family-285
f285-3.jpg,https://media.dollarstreet.org/5d4be051cf0b3a0f3f33901c/5d4be051cf0b3a0f3f33901c_640.jpg,f285,sleeping,5d4be051cf0b3a0f3f33901c,family-285
f184-1.jpg,https://media.dollarstreet.org/5d4be81bcf0b3a0f3f3469e7/5d4be81bcf0b3a0f3f3469e7_640.jpg,f184,outside,5d4be81bcf0b3a0f3f3469e7,family-184
f184-2.jpg,https://media.dollarstreet.org/5d4be818cf0b3a0f3f346987/5d4be818cf0b3a0f3f346987_640.jpg,f184,cooking,5d4be818cf0b3a0f3f346987,family-184
f184-3.jpg,https://media.dollarstreet.org/5d4be817cf0b3a0f3f34696b/5d4be817cf0b3a0f3f34696b_640.jpg,f184,sleeping,5d4be817cf0b3a0f3f34696b,family-184
f175-1.jpg,https://media.dollarstreet.org/63c88638cf65f923de4a0cfc/34a68014226c1757d9352157cebeb7e7/63c88638cf65f923de4a0cfc_640.jpg,f175,outside,63c88638cf65f923de4a0cfc,family-175
f175-2.jpg,https://media.dollarstreet.org/5d4be8d3cf0b3a0f3f3477aa/5d4be8d3cf0b3a0f3f3477aa_640.jpg,f175,cooking,5d4be8d3cf0b3a0f3f3477aa,family-175
f175-3.jpg,https://media.dollarstreet.org/5d4be8d8cf0b3a0f3f34784c/5d4be8d8cf0b3a0f3f34784c_640.jpg,f175,sleeping,5d4be8d8cf0b3a0f3f34784c,family-175
f435-1.jpg,https://media.dollarstreet.org/5f6491ba21307286b935262d/5f6491ba21307286b935262d_640.jpg,f435,outside,5f6491ba21307286b935262d,family-435
f435-2.jpg,https://media.dollarstreet.org/5f64abc4e2dc7f0ce661c809/5f64abc4e2dc7f0ce661c809_640.jpg,f435,cooking,5f64abc4e2dc7f0ce661c809,family-435
f435-3.jpg,https://media.dollarstreet.org/5f63b2b847329228ca1702a9/5f63b2b847329228ca1702a9_640.jpg,f435,sleeping,5f63b2b847329228ca1702a9,family-435
f150-1.jpg,https://media.dollarstreet.org/5d4be678cf0b3a0f3f343bbd/5d4be678cf0b3a0f3f343bbd_640.jpg,f150,outside,5d4be678cf0b3a0f3f343bbd,family-150
f150-2.jpg,https://media.dollarstreet.org/5d4be675cf0b3a0f3f343b6f/5d4be675cf0b3a0f3f343b6f_640.jpg,f150,cooking,5d4be675cf0b3a0f3f343b6f,family-150
f150-3.jpg,https://media.dollarstreet.org/5d4be673cf0b3a0f3f343b3b/5d4be673cf0b3a0f3f343b3b_640.jpg,f150,sleeping,5d4be673cf0b3a0f3f343b3b,family-150
f128-1.jpg,https://media.dollarstreet.org/5d4bedd7cf0b3a0f3f3505ca/5d4bedd7cf0b3a0f3f3505ca_640.jpg,f128,outside,5d4bedd7cf0b3a0f3f3505ca,family-128
f128-2.jpg,https://media.dollarstreet.org/5d4bedd6cf0b3a0f3f3505ac/5d4bedd6cf0b3a0f3f3505ac_640.jpg,f128,cooking,5d4bedd6cf0b3a0f3f3505ac,family-128
f128-3.jpg,https://media.dollarstreet.org/5d4bedd9cf0b3a0f3f3505f6/5d4bedd9cf0b3a0f3f3505f6_640.jpg,f128,sleeping,5d4bedd9cf0b3a0f3f3505f6,family-128
f71-1.jpg,https://media.dollarstreet.org/5d4bf04bcf0b3a0f3f354b16/5d4bf04bcf0b3a0f3f354b16_640.jpg,f71,outside,5d4bf04bcf0b3a0f3f354b16,family-71
f71-2.jpg,https://media.dollarstreet.org/5d4bf049cf0b3a0f3f354ae8/5d4bf049cf0b3a0f3f354ae8_640.jpg,f71,cooking,5d4bf049cf0b3a0f3f354ae8,family-71
f71-3.jpg,https://media.dollarstreet.org/5d4bf04dcf0b3a0f3f354b56/5d4bf04dcf0b3a0f3f354b56_640.jpg,f71,sleeping,5d4bf04dcf0b3a0f3f354b56,family-71
f179-1.jpg,https://media.dollarstreet.org/5d4be978cf0b3a0f3f348ae8/5d4be978cf0b3a0f3f348ae8_640.jpg,f179,outside,5d4be978cf0b3a0f3f348ae8,family-179
f179-2.jpg,https://media.dollarstreet.org/5d4be995cf0b3a0f3f348e34/5d4be995cf0b3a0f3f348e34_640.jpg,f179,cooking,5d4be995cf0b3a0f3f348e34,family-179
f179-3.jpg,https://media.dollarstreet.org/5d4be975cf0b3a0f3f348a92/5d4be975cf0b3a0f3f348a92_640.jpg,f179,sleeping,5d4be975cf0b3a0f3f348a92,family-179
f314-1.jpg,https://media.dollarstreet.org/5d4bdf70cf0b3a0f3f337a59/5d4bdf70cf0b3a0f3f337a59_640.JPG,f314,outside,5d4bdf70cf0b3a0f3f337a59,family-314
f314-2.jpg,https://media.dollarstreet.org/5d4bdf74cf0b3a0f3f337ab5/5d4bdf74cf0b3a0f3f337ab5_640.jpg,f314,cooking,5d4bdf74cf0b3a0f3f337ab5,family-314
f314-3.jpg,https://media.dollarstreet.org/5d4bdf70cf0b3a0f3f337a4f/5d4bdf70cf0b3a0f3f337a4f_640.JPG,f314,sleeping,5d4bdf70cf0b3a0f3f337a4f,family-314
f262-1.jpg,https://media.dollarstreet.org/5d4be1accf0b3a0f3f33b74d/5d4be1accf0b3a0f3f33b74d_640.jpg,f262,outside,5d4be1accf0b3a0f3f33b74d,family-262
f262-2.jpg,https://media.dollarstreet.org/5d4be1aecf0b3a0f3f33b77d/5d4be1aecf0b3a0f3f33b77d_640.jpg,f262,cooking,5d4be1aecf0b3a0f3f33b77d,family-262
f262-3.jpg,https://media.dollarstreet.org/5d4be1b1cf0b3a0f3f33b7e7/5d4be1b1cf0b3a0f3f33b7e7_640.jpg,f262,sleeping,5d4be1b1cf0b3a0f3f33b7e7,family-262
f371-1.jpg,https://media.dollarstreet.org/5ec4fa6cf0611d7ddd741f86/5ec4fa6cf0611d7ddd741f86_640.JPG,f371,outside,5ec4fa6cf0611d7ddd741f86,family-371
f371-2.jpg,https://media.dollarstreet.org/5ec4fa6cf0611d7ddd741f89/5ec4fa6cf0611d7ddd741f89_640.JPG,f371,cooking,5ec4fa6cf0611d7ddd741f89,family-371
f371-3.jpg,https://media.dollarstreet.org/5ec4fa6ff0611d7ddd741fa1/5ec4fa6ff0611d7ddd741fa1_640.JPG,f371,sleeping,5ec4fa6ff0611d7ddd741fa1,family-371
f201-1.jpg,https://media.dollarstreet.org/5d4be75acf0b3a0f3f3454b4/5d4be75acf0b3a0f3f3454b4_640.jpg,f201,outside,5d4be75acf0b3a0f3f3454b4,family-201
f201-2.jpg,https://media.dollarstreet.org/5d4be759cf0b3a0f3f345484/5d4be759cf0b3a0f3f345484_640.jpg,f201,cooking,5d4be759cf0b3a0f3f345484,family-201
f201-3.jpg,https://media.dollarstreet.org/5d4be75dcf0b3a0f3f3454fe/5d4be75dcf0b3a0f3f3454fe_640.jpg,f201,sleeping,5d4be75dcf0b3a0f3f3454fe,family-201
f267-1.jpg,https://media.dollarstreet.org/5d4be174cf0b3a0f3f33b1d5/5d4be174cf0b3a0f3f33b1d5_640.jpg,f267,outside,5d4be174cf0b3a0f3f33b1d5,family-267
f267-2.jpg,https://media.dollarstreet.org/5d4be176cf0b3a0f3f33b207/5d4be176cf0b3a0f3f33b207_640.jpg,f267,cooking,5d4be176cf0b3a0f3f33b207,family-267
f267-3.jpg,https://media.dollarstreet.org/5d4be178cf0b3a0f3f33b24b/5d4be178cf0b3a0f3f33b24b_640.jpg,f267,sleeping,5d4be178cf0b3a0f3f33b24b,family-267
f350-1.jpg,https://media.dollarstreet.org/5ec4fc23f0611d7ddd742dfc/5ec4fc23f0611d7ddd742dfc_640.JPG,f350,outside,5ec4fc23f0611d7ddd742dfc,family-350
f350-2.jpg,https://media.dollarstreet.org/5ec4fc2ff0611d7ddd742e64/5ec4fc2ff0611d7ddd742e64_640.jpeg,f350,cooking,5ec4fc2ff0611d7ddd742e64,family-350
f350-3.jpg,https://media.dollarstreet.org/5ec4fc27f0611d7ddd742e1f/5ec4fc27f0611d7ddd742e1f_640.JPG,f350,sleeping,5ec4fc27f0611d7ddd742e1f,family-350
f155-1.jpg,https://media.dollarstreet.org/5d4beb92cf0b3a0f3f34c792/5d4beb92cf0b3a0f3f34c792_640.jpg,f155,outside,5d4beb92cf0b3a0f3f34c792,family-155
f155-2.jpg,https://media.dollarstreet.org/5d4beba3cf0b3a0f3f34c988/5d4beba3cf0b3a0f3f34c988_640.jpg,f155,cooking,5d4beba3cf0b3a0f3f34c988,family-155
f155-3.jpg,https://media.dollarstreet.org/5d4beb91cf0b3a0f3f34c770/5d4beb91cf0b3a0f3f34c770_640.jpg,f155,sleeping,5d4beb91cf0b3a0f3f34c770,family-155
f148-1.jpg,https://media.dollarstreet.org/5d4bec5ccf0b3a0f3f34dd06/5d4bec5ccf0b3a0f3f34dd06_640.jpg,f148,outside,5d4bec5ccf0b3a0f3f34dd06,family-148
f148-2.jpg,https://media.dollarstreet.org/5d4bec73cf0b3a0f3f34df4c/5d4bec73cf0b3a0f3f34df4c_640.jpg,f148,cooking,5d4bec73cf0b3a0f3f34df4c,family-148
f148-3.jpg,https://media.dollarstreet.org/5d4bec66cf0b3a0f3f34ddd2/5d4bec66cf0b3a0f3f34ddd2_640.jpg,f148,sleeping,5d4bec66cf0b3a0f3f34ddd2,family-148
f296-1.jpg,https://media.dollarstreet.org/5d4be035cf0b3a0f3f338d18/5d4be035cf0b3a0f3f338d18_640.JPG,f296,outside,5d4be035cf0b3a0f3f338d18,family-296
f296-2.jpg,https://media.dollarstreet.org/5d4be038cf0b3a0f3f338d70/5d4be038cf0b3a0f3f338d70_640.jpg,f296,cooking,5d4be038cf0b3a0f3f338d70,family-296
f296-3.jpg,https://media.dollarstreet.org/5d4be034cf0b3a0f3f338d04/5d4be034cf0b3a0f3f338d04_640.JPG,f296,sleeping,5d4be034cf0b3a0f3f338d04,family-296
f131-1.jpg,https://media.dollarstreet.org/5d4bec87cf0b3a0f3f34e14c/5d4bec87cf0b3a0f3f34e14c_640.jpg,f131,outside,5d4bec87cf0b3a0f3f34e14c,family-131
f131-2.jpg,https://media.dollarstreet.org/5d4beca0cf0b3a0f3f34e3d4/5d4beca0cf0b3a0f3f34e3d4_640.jpg,f131,cooking,5d4beca0cf0b3a0f3f34e3d4,family-131
f131-3.jpg,https://media.dollarstreet.org/5d4bec92cf0b3a0f3f34e298/5d4bec92cf0b3a0f3f34e298_640.jpg,f131,sleeping,5d4bec92cf0b3a0f3f34e298,family-131
f221-1.jpg,https://media.dollarstreet.org/5d4be6d4cf0b3a0f3f34463a/5d4be6d4cf0b3a0f3f34463a_640.JPG,f221,outside,5d4be6d4cf0b3a0f3f34463a,family-221
f221-2.jpg,https://media.dollarstreet.org/5d4be6d5cf0b3a0f3f34464a/5d4be6d5cf0b3a0f3f34464a_640.JPG,f221,cooking,5d4be6d5cf0b3a0f3f34464a,family-221
f221-3.jpg,https://media.dollarstreet.org/5d4be6ddcf0b3a0f3f34474c/5d4be6ddcf0b3a0f3f34474c_640.JPG,f221,sleeping,5d4be6ddcf0b3a0f3f34474c,family-221
f392-1.jpg,https://media.dollarstreet.org/5ec4f91ff0611d7ddd7414a7/5ec4f91ff0611d7ddd7414a7_640.jpg,f392,outside,5ec4f91ff0611d7ddd7414a7,family-392
f392-2.jpg,https://media.dollarstreet.org/5ec4f918f0611d7ddd741469/5ec4f918f0611d7ddd741469_640.jpg,f392,cooking,5ec4f918f0611d7ddd741469,family-392
f392-3.jpg,https://media.dollarstreet.org/5ec4f923f0611d7ddd7414cf/5ec4f923f0611d7ddd7414cf_640.jpg,f392,sleeping,5ec4f923f0611d7ddd7414cf,family-392
f217-1.jpg,https://media.dollarstreet.org/5d4be6f6cf0b3a0f3f344a32/5d4be6f6cf0b3a0f3f344a32_640.jpg,f217,outside,5d4be6f6cf0b3a0f3f344a32,family-217
f217-2.jpg,https://media.dollarstreet.org/5d4be6f7cf0b3a0f3f344a54/5d4be6f7cf0b3a0f3f344a54_640.jpg,f217,cooking,5d4be6f7cf0b3a0f3f344a54,family-217
f217-3.jpg,https://media.dollarstreet.org/5d4be6facf0b3a0f3f344aa6/5d4be6facf0b3a0f3f344aa6_640.jpg,f217,sleeping,5d4be6facf0b3a0f3f344aa6,family-217
f118-1.jpg,https://media.dollarstreet.org/5d4befc9cf0b3a0f3f353d5e/5d4befc9cf0b3a0f3f353d5e_640.jpg,f118,outside,5d4befc9cf0b3a0f3f353d5e,family-118
f118-2.jpg,https://media.dollarstreet.org/5d4befdbcf0b3a0f3f353f6c/5d4befdbcf0b3a0f3f353f6c_640.jpg,f118,cooking,5d4befdbcf0b3a0f3f353f6c,family-118
f118-3.jpg,https://media.dollarstreet.org/5d4befd0cf0b3a0f3f353e28/5d4befd0cf0b3a0f3f353e28_640.jpg,f118,sleeping,5d4befd0cf0b3a0f3f353e28,family-118
f153-1.jpg,https://media.dollarstreet.org/5d4bebd1cf0b3a0f3f34ceed/5d4bebd1cf0b3a0f3f34ceed_640.jpg,f153,outside,5d4bebd1cf0b3a0f3f34ceed,family-153
f153-2.jpg,https://media.dollarstreet.org/5d4bebfdcf0b3a0f3f34d417/5d4bebfdcf0b3a0f3f34d417_640.jpg,f153,cooking,5d4bebfdcf0b3a0f3f34d417,family-153
f153-3.jpg,https://media.dollarstreet.org/5d4bebe5cf0b3a0f3f34d13b/5d4bebe5cf0b3a0f3f34d13b_640.jpg,f153,sleeping,5d4bebe5cf0b3a0f3f34d13b,family-153
f11-1.jpg,https://media.dollarstreet.org/5d4bf412cf0b3a0f3f35b038/5d4bf412cf0b3a0f3f35b038_640.jpg,f11,outside,5d4bf412cf0b3a0f3f35b038,family-11
f11-2.jpg,https://media.dollarstreet.org/5d4bf40fcf0b3a0f3f35aff6/5d4bf40fcf0b3a0f3f35aff6_640.jpg,f11,cooking,5d4bf40fcf0b3a0f3f35aff6,family-11
f11-3.jpg,https://media.dollarstreet.org/5d4bf414cf0b3a0f3f35b07a/5d4bf414cf0b3a0f3f35b07a_640.jpg,f11,sleeping,5d4bf414cf0b3a0f3f35b07a,family-11
f101-1.jpg,https://media.dollarstreet.org/5d4beff8cf0b3a0f3f354262/5d4beff8cf0b3a0f3f354262_640.jpg,f101,outside,5d4beff8cf0b3a0f3f354262,family-101
f101-2.jpg,https://media.dollarstreet.org/5d4bf009cf0b3a0f3f354454/5d4bf009cf0b3a0f3f354454_640.jpg,f101,cooking,5d4bf009cf0b3a0f3f354454,family-101
f101-3.jpg,https://media.dollarstreet.org/5d4bf000cf0b3a0f3f354346/5d4bf000cf0b3a0f3f354346_640.jpg,f101,sleeping,5d4bf000cf0b3a0f3f354346,family-101
f190-1.jpg,https://media.dollarstreet.org/5d4be7d1cf0b3a0f3f34615d/cc7396c168cf6312ab82aa744afb66dc/5d4be7d1cf0b3a0f3f34615d_640.jpg,f190,outside,5d4be7d1cf0b3a0f3f34615d,family-190
f190-2.jpg,https://media.dollarstreet.org/5d4be7d3cf0b3a0f3f34619b/5d4be7d3cf0b3a0f3f34619b_640.jpg,f190,cooking,5d4be7d3cf0b3a0f3f34619b,family-190
f190-3.jpg,https://media.dollarstreet.org/5d4be7d3cf0b3a0f3f3461a1/5d4be7d3cf0b3a0f3f3461a1_640.jpg,f190,sleeping,5d4be7d3cf0b3a0f3f3461a1,family-190
f23-1.jpg,https://media.dollarstreet.org/5d4bf323cf0b3a0f3f3598c4/5d4bf323cf0b3a0f3f3598c4_640.jpg,f23,outside,5d4bf323cf0b3a0f3f3598c4,family-23
f23-2.jpg,https://media.dollarstreet.org/5d4bf320cf0b3a0f3f35988e/5d4bf320cf0b3a0f3f35988e_640.jpg,f23,cooking,5d4bf320cf0b3a0f3f35988e,family-23
f23-3.jpg,https://media.dollarstreet.org/5d4bf32bcf0b3a0f3f3599a8/5d4bf32bcf0b3a0f3f3599a8_640.jpg,f23,sleeping,5d4bf32bcf0b3a0f3f3599a8,family-23
f177-1.jpg,https://media.dollarstreet.org/5d4be905cf0b3a0f3f347d90/5d4be905cf0b3a0f3f347d90_640.jpg,f177,outside,5d4be905cf0b3a0f3f347d90,family-177
f177-2.jpg,https://media.dollarstreet.org/5d4be923cf0b3a0f3f348106/5d4be923cf0b3a0f3f348106_640.jpg,f177,cooking,5d4be923cf0b3a0f3f348106,family-177
f177-3.jpg,https://media.dollarstreet.org/5d4be8fecf0b3a0f3f347cb2/5d4be8fecf0b3a0f3f347cb2_640.jpg,f177,sleeping,5d4be8fecf0b3a0f3f347cb2,family-177
f38-1.jpg,https://media.dollarstreet.org/5d4bf2cbcf0b3a0f3f358eac/5d4bf2cbcf0b3a0f3f358eac_640.jpg,f38,outside,5d4bf2cbcf0b3a0f3f358eac,family-38
f38-2.jpg,https://media.dollarstreet.org/5d4bf2c8cf0b3a0f3f358e62/5d4bf2c8cf0b3a0f3f358e62_640.jpg,f38,cooking,5d4bf2c8cf0b3a0f3f358e62,family-38
f38-3.jpg,https://media.dollarstreet.org/5d4bf2cdcf0b3a0f3f358eea/5d4bf2cdcf0b3a0f3f358eea_640.jpg,f38,sleeping,5d4bf2cdcf0b3a0f3f358eea,family-38
f427-1.jpg,https://media.dollarstreet.org/5f08dcc946763f79a37f2d14/5f08dcc946763f79a37f2d14_640.jpg,f427,outside,5f08dcc946763f79a37f2d14,family-427
f427-2.jpg,https://media.dollarstreet.org/5f0e26a0063d1371ddb1f764/5f0e26a0063d1371ddb1f764_640.jpg,f427,cooking,5f0e26a0063d1371ddb1f764,family-427
f427-3.jpg,https://media.dollarstreet.org/5f0625d79529eaf04c1c9907/5f0625d79529eaf04c1c9907_640.jpg,f427,sleeping,5f0625d79529eaf04c1c9907,family-427
f124-1.jpg,https://media.dollarstreet.org/5d4bed61cf0b3a0f3f34f808/5d4bed61cf0b3a0f3f34f808_640.jpg,f124,outside,5d4bed61cf0b3a0f3f34f808,family-124
f124-2.jpg,https://media.dollarstreet.org/5d4bed75cf0b3a0f3f34fa6a/5d4bed75cf0b3a0f3f34fa6a_640.jpg,f124,cooking,5d4bed75cf0b3a0f3f34fa6a,family-124
f124-3.jpg,https://media.dollarstreet.org/5d4bed67cf0b3a0f3f34f8d4/5d4bed67cf0b3a0f3f34f8d4_640.jpg,f124,sleeping,5d4bed67cf0b3a0f3f34f8d4,family-124
f151-1.jpg,https://media.dollarstreet.org/5d4bec03cf0b3a0f3f34d4dd/5d4bec03cf0b3a0f3f34d4dd_640.jpg,f151,outside,5d4bec03cf0b3a0f3f34d4dd,family-151
f151-2.jpg,https://media.dollarstreet.org/5d4bec01cf0b3a0f3f34d48d/5d4bec01cf0b3a0f3f34d48d_640.jpg,f151,cooking,5d4bec01cf0b3a0f3f34d48d,family-151
f151-3.jpg,https://media.dollarstreet.org/5d4bec08cf0b3a0f3f34d565/5d4bec08cf0b3a0f3f34d565_640.jpg,f151,sleeping,5d4bec08cf0b3a0f3f34d565,family-151
f145-1.jpg,https://media.dollarstreet.org/5d4becc8cf0b3a0f3f34e73a/5d4becc8cf0b3a0f3f34e73a_640.jpg,f145,outside,5d4becc8cf0b3a0f3f34e73a,family-145
f145-2.jpg,https://media.dollarstreet.org/5d4becddcf0b3a0f3f34e974/5d4becddcf0b3a0f3f34e974_640.jpg,f145,cooking,5d4becddcf0b3a0f3f34e974,family-145
f145-3.jpg,https://media.dollarstreet.org/5d4becd4cf0b3a0f3f34e852/5d4becd4cf0b3a0f3f34e852_640.jpg,f145,sleeping,5d4becd4cf0b3a0f3f34e852,family-145
f402-1.jpg,https://media.dollarstreet.org/5ec4f889f0611d7ddd740f9e/5ec4f889f0611d7ddd740f9e_640.jpg,f402,outside,5ec4f889f0611d7ddd740f9e,family-402
f402-2.jpg,https://media.dollarstreet.org/5ec4f884f0611d7ddd740f7b/5ec4f884f0611d7ddd740f7b_640.jpg,f402,cooking,5ec4f884f0611d7ddd740f7b,family-402
f402-3.jpg,https://media.dollarstreet.org/5ec4f88df0611d7ddd740fbd/5ec4f88df0611d7ddd740fbd_640.jpg,f402,sleeping,5ec4f88df0611d7ddd740fbd,family-402
f307-1.jpg,https://media.dollarstreet.org/5d4bdfb8cf0b3a0f3f33814f/5d4bdfb8cf0b3a0f3f33814f_640.jpg,f307,outside,5d4bdfb8cf0b3a0f3f33814f,family-307
f307-2.jpg,https://media.dollarstreet.org/5d4bdfbccf0b3a0f3f3381ab/5d4bdfbccf0b3a0f3f3381ab_640.jpg,f307,cooking,5d4bdfbccf0b3a0f3f3381ab,family-307
f307-3.jpg,https://media.dollarstreet.org/5d4bdfbbcf0b3a0f3f33818f/5d4bdfbbcf0b3a0f3f33818f_640.jpg,f307,sleeping,5d4bdfbbcf0b3a0f3f33818f,family-307
f117-1.jpg,https://media.dollarstreet.org/5d4bef0fcf0b3a0f3f3528ac/5d4bef0fcf0b3a0f3f3528ac_640.jpg,f117,outside,5d4bef0fcf0b3a0f3f3528ac,family-117
f117-2.jpg,https://media.dollarstreet.org/5d4bef10cf0b3a0f3f3528c6/5d4bef10cf0b3a0f3f3528c6_640.jpg,f117,cooking,5d4bef10cf0b3a0f3f3528c6,family-117
f117-3.jpg,https://media.dollarstreet.org/5d4bef19cf0b3a0f3f3529ee/5d4bef19cf0b3a0f3f3529ee_640.jpg,f117,sleeping,5d4bef19cf0b3a0f3f3529ee,family-117
f243-1.jpg,https://media.dollarstreet.org/5d4be426cf0b3a0f3f33f992/cb0bb421b911eb1bd337ad8b566f4702/5d4be426cf0b3a0f3f33f992_640.JPG,f243,outside,5d4be426cf0b3a0f3f33f992,family-243
f243-2.jpg,https://media.dollarstreet.org/5d4be42ecf0b3a0f3f33fa6c/5d4be42ecf0b3a0f3f33fa6c_640.JPG,f243,cooking,5d4be42ecf0b3a0f3f33fa6c,family-243
f243-3.jpg,https://media.dollarstreet.org/5d4be420cf0b3a0f3f33f8d0/df7b711a7fbe589cccbfae2f3a05026d/5d4be420cf0b3a0f3f33f8d0_640.JPG,f243,sleeping,5d4be420cf0b3a0f3f33f8d0,family-243
f338-1.jpg,https://media.dollarstreet.org/5d4bdedfcf0b3a0f3f336b8d/5d4bdedfcf0b3a0f3f336b8d_640.jpg,f338,outside,5d4bdedfcf0b3a0f3f336b8d,family-338
f338-2.jpg,https://media.dollarstreet.org/5d4bdedfcf0b3a0f3f336b8f/5d4bdedfcf0b3a0f3f336b8f_640.jpg,f338,cooking,5d4bdedfcf0b3a0f3f336b8f,family-338
f338-3.jpg,https://media.dollarstreet.org/5d4bdee2cf0b3a0f3f336be7/5d4bdee2cf0b3a0f3f336be7_640.jpg,f338,sleeping,5d4bdee2cf0b3a0f3f336be7,family-338
f416-1.jpg,https://media.dollarstreet.org/5ec4f7eff0611d7ddd740a78/5ec4f7eff0611d7ddd740a78_640.jpg,f416,outside,5ec4f7eff0611d7ddd740a78,family-416
f416-2.jpg,https://media.dollarstreet.org/5ec4f7ecf0611d7ddd740a58/5ec4f7ecf0611d7ddd740a58_640.jpg,f416,cooking,5ec4f7ecf0611d7ddd740a58,family-416
f416-3.jpg,https://media.dollarstreet.org/5ec4f7f3f0611d7ddd740a97/5ec4f7f3f0611d7ddd740a97_640.jpg,f416,sleeping,5ec4f7f3f0611d7ddd740a97,family-416
f99-1.jpg,https://media.dollarstreet.org/5d4befa9cf0b3a0f3f353992/5d4befa9cf0b3a0f3f353992_640.jpg,f99,outside,5d4befa9cf0b3a0f3f353992,family-99
f99-2.jpg,https://media.dollarstreet.org/5d4befa6cf0b3a0f3f35394c/5d4befa6cf0b3a0f3f35394c_640.jpg,f99,cooking,5d4befa6cf0b3a0f3f35394c,family-99
f99-3.jpg,https://media.dollarstreet.org/5d4befabcf0b3a0f3f3539d8/5d4befabcf0b3a0f3f3539d8_640.jpg,f99,sleeping,5d4befabcf0b3a0f3f3539d8,family-99
f323-1.jpg,https://media.dollarstreet.org/5d4bdf3fcf0b3a0f3f3375c9/5d4bdf3fcf0b3a0f3f3375c9_640.jpg,f323,outside,5d4bdf3fcf0b3a0f3f3375c9,family-323
f323-2.jpg,https://media.dollarstreet.org/5d4bdf3acf0b3a0f3f337545/5d4bdf3acf0b3a0f3f337545_640.jpg,f323,cooking,5d4bdf3acf0b3a0f3f337545,family-323
f323-3.jpg,https://media.dollarstreet.org/5d4bdf43cf0b3a0f3f33760f/5d4bdf43cf0b3a0f3f33760f_640.jpg,f323,sleeping,5d4bdf43cf0b3a0f3f33760f,family-323
f387-1.jpg,https://media.dollarstreet.org/5ec4f95ef0611d7ddd7416c2/5ec4f95ef0611d7ddd7416c2_640.JPG,f387,outside,5ec4f95ef0611d7ddd7416c2,family-387
f387-2.jpg,https://media.dollarstreet.org/5ec4f956f0611d7ddd74167a/5ec4f956f0611d7ddd74167a_640.JPG,f387,cooking,5ec4f956f0611d7ddd74167a,family-387
f387-3.jpg,https://media.dollarstreet.org/5ec4f963f0611d7ddd7416f5/5ec4f963f0611d7ddd7416f5_640.JPG,f387,sleeping,5ec4f963f0611d7ddd7416f5,family-387
f66-1.jpg,https://media.dollarstreet.org/5d4bf1f1cf0b3a0f3f35764e/5d4bf1f1cf0b3a0f3f35764e_640.jpg,f66,outside,5d4bf1f1cf0b3a0f3f35764e,family-66
f66-2.jpg,https://media.dollarstreet.org/5d4bf209cf0b3a0f3f35792c/5d4bf209cf0b3a0f3f35792c_640.jpg,f66,cooking,5d4bf209cf0b3a0f3f35792c,family-66
f66-3.jpg,https://media.dollarstreet.org/5d4bf1fbcf0b3a0f3f35778c/5d4bf1fbcf0b3a0f3f35778c_640.jpg,f66,sleeping,5d4bf1fbcf0b3a0f3f35778c,family-66
f363-1.jpg,https://media.dollarstreet.org/5ec4fb13f0611d7ddd742513/5ec4fb13f0611d7ddd742513_640.jpg,f363,outside,5ec4fb13f0611d7ddd742513,family-363
f363-2.jpg,https://media.dollarstreet.org/5ec4fb17f0611d7ddd742535/5ec4fb17f0611d7ddd742535_640.jpg,f363,cooking,5ec4fb17f0611d7ddd742535,family-363
f363-3.jpg,https://media.dollarstreet.org/5ec4fb15f0611d7ddd742529/5ec4fb15f0611d7ddd742529_640.jpg,f363,sleeping,5ec4fb15f0611d7ddd742529,family-363
f121-1.jpg,https://media.dollarstreet.org/5d4bee7ecf0b3a0f3f3517f6/5d4bee7ecf0b3a0f3f3517f6_640.jpg,f121,outside,5d4bee7ecf0b3a0f3f3517f6,family-121
f121-2.jpg,https://media.dollarstreet.org/5d4bee85cf0b3a0f3f3518c8/5d4bee85cf0b3a0f3f3518c8_640.jpg,f121,cooking,5d4bee85cf0b3a0f3f3518c8,family-121
f121-3.jpg,https://media.dollarstreet.org/5d4bee82cf0b3a0f3f35185e/5d4bee82cf0b3a0f3f35185e_640.jpg,f121,sleeping,5d4bee82cf0b3a0f3f35185e,family-121
f55-1.jpg,https://media.dollarstreet.org/5d4bf19bcf0b3a0f3f356cd6/5d4bf19bcf0b3a0f3f356cd6_640.jpg,f55,outside,5d4bf19bcf0b3a0f3f356cd6,family-55
f55-2.jpg,https://media.dollarstreet.org/5d4bf1b8cf0b3a0f3f356fde/5d4bf1b8cf0b3a0f3f356fde_640.jpg,f55,cooking,5d4bf1b8cf0b3a0f3f356fde,family-55
f55-3.jpg,https://media.dollarstreet.org/5d4bf1a9cf0b3a0f3f356e28/5d4bf1a9cf0b3a0f3f356e28_640.jpg,f55,sleeping,5d4bf1a9cf0b3a0f3f356e28,family-55
f301-1.jpg,https://media.dollarstreet.org/5d4bdff9cf0b3a0f3f338830/5d4bdff9cf0b3a0f3f338830_640.jpg,f301,outside,5d4bdff9cf0b3a0f3f338830,family-301
f301-2.jpg,https://media.dollarstreet.org/5d4bdff9cf0b3a0f3f338838/5d4bdff9cf0b3a0f3f338838_640.jpg,f301,cooking,5d4bdff9cf0b3a0f3f338838,family-301
f301-3.jpg,https://media.dollarstreet.org/5d4bdff7cf0b3a0f3f338806/5d4bdff7cf0b3a0f3f338806_640.jpg,f301,sleeping,5d4bdff7cf0b3a0f3f338806,family-301
f106-1.jpg,https://media.dollarstreet.org/5d4bef83cf0b3a0f3f35363c/5d4bef83cf0b3a0f3f35363c_640.jpg,f106,outside,5d4bef83cf0b3a0f3f35363c,family-106
f106-2.jpg,https://media.dollarstreet.org/5d4bef7fcf0b3a0f3f3535d4/5d4bef7fcf0b3a0f3f3535d4_640.jpg,f106,cooking,5d4bef7fcf0b3a0f3f3535d4,family-106
f106-3.jpg,https://media.dollarstreet.org/5d4bef87cf0b3a0f3f3536a6/5d4bef87cf0b3a0f3f3536a6_640.jpg,f106,sleeping,5d4bef87cf0b3a0f3f3536a6,family-106
f96-1.jpg,https://media.dollarstreet.org/5d4beeaccf0b3a0f3f351d34/5d4beeaccf0b3a0f3f351d34_640.jpg,f96,outside,5d4beeaccf0b3a0f3f351d34,family-96
f96-2.jpg,https://media.dollarstreet.org/5d4beea9cf0b3a0f3f351cf0/5d4beea9cf0b3a0f3f351cf0_640.jpg,f96,cooking,5d4beea9cf0b3a0f3f351cf0,family-96
f96-3.jpg,https://media.dollarstreet.org/5d4beeadcf0b3a0f3f351d6e/5d4beeadcf0b3a0f3f351d6e_640.jpg,f96,sleeping,5d4beeadcf0b3a0f3f351d6e,family-96
f257-1.jpg,https://media.dollarstreet.org/5d4be00ccf0b3a0f3f3389d6/5d4be00ccf0b3a0f3f3389d6_640.jpg,f257,outside,5d4be00ccf0b3a0f3f3389d6,family-257
f257-2.jpg,https://media.dollarstreet.org/5d4be1fbcf0b3a0f3f33bed7/5d4be1fbcf0b3a0f3f33bed7_640.jpg,f257,cooking,5d4be1fbcf0b3a0f3f33bed7,family-257
f257-3.jpg,https://media.dollarstreet.org/5d4be207cf0b3a0f3f33c029/5d4be207cf0b3a0f3f33c029_640.jpg,f257,sleeping,5d4be207cf0b3a0f3f33c029,family-257
f127-1.jpg,https://media.dollarstreet.org/5d4beddccf0b3a0f3f35064a/5d4beddccf0b3a0f3f35064a_640.jpg,f127,outside,5d4beddccf0b3a0f3f35064a,family-127
f127-2.jpg,https://media.dollarstreet.org/5d4beddacf0b3a0f3f350626/5d4beddacf0b3a0f3f350626_640.jpg,f127,cooking,5d4beddacf0b3a0f3f350626,family-127
f127-3.jpg,https://media.dollarstreet.org/5d4beddbcf0b3a0f3f35062a/5d4beddbcf0b3a0f3f35062a_640.jpg,f127,sleeping,5d4beddbcf0b3a0f3f35062a,family-127
f341-1.jpg,https://media.dollarstreet.org/5d4bde95cf0b3a0f3f3364d7/5d4bde95cf0b3a0f3f3364d7_640.jpg,f341,outside,5d4bde95cf0b3a0f3f3364d7,family-341
f341-2.jpg,https://media.dollarstreet.org/5d4bdeaccf0b3a0f3f336709/5d4bdeaccf0b3a0f3f336709_640.jpg,f341,cooking,5d4bdeaccf0b3a0f3f336709,family-341
f341-3.jpg,https://media.dollarstreet.org/5d4bdea0cf0b3a0f3f3365bd/5d4bdea0cf0b3a0f3f3365bd_640.jpg,f341,sleeping,5d4bdea0cf0b3a0f3f3365bd,family-341
f140-1.jpg,https://media.dollarstreet.org/5d4bed7dcf0b3a0f3f34fb5a/5d4bed7dcf0b3a0f3f34fb5a_640.jpg,f140,outside,5d4bed7dcf0b3a0f3f34fb5a,family-140
f140-2.jpg,https://media.dollarstreet.org/5d4bed93cf0b3a0f3f34fdd8/5d4bed93cf0b3a0f3f34fdd8_640.jpg,f140,cooking,5d4bed93cf0b3a0f3f34fdd8,family-140
f140-3.jpg,https://media.dollarstreet.org/5d4bed86cf0b3a0f3f34fc62/5d4bed86cf0b3a0f3f34fc62_640.jpg,f140,sleeping,5d4bed86cf0b3a0f3f34fc62,family-140
f219-1.jpg,https://media.dollarstreet.org/5d4be711cf0b3a0f3f344d6a/5d4be711cf0b3a0f3f344d6a_640.jpg,f219,outside,5d4be711cf0b3a0f3f344d6a,family-219
f219-2.jpg,https://media.dollarstreet.org/5d4be70ecf0b3a0f3f344d0a/5d4be70ecf0b3a0f3f344d0a_640.jpg,f219,cooking,5d4be70ecf0b3a0f3f344d0a,family-219
f219-3.jpg,https://media.dollarstreet.org/5d4be70ccf0b3a0f3f344cc2/5d4be70ccf0b3a0f3f344cc2_640.jpg,f219,sleeping,5d4be70ccf0b3a0f3f344cc2,family-219
f315-1.jpg,https://media.dollarstreet.org/5d4bdf77cf0b3a0f3f337b19/5d4bdf77cf0b3a0f3f337b19_640.JPG,f315,outside,5d4bdf77cf0b3a0f3f337b19,family-315
f315-2.jpg,https://media.dollarstreet.org/5d4bdf75cf0b3a0f3f337adf/5d4bdf75cf0b3a0f3f337adf_640.JPG,f315,cooking,5d4bdf75cf0b3a0f3f337adf,family-315
f315-3.jpg,https://media.dollarstreet.org/5d4bdf76cf0b3a0f3f337b03/5d4bdf76cf0b3a0f3f337b03_640.JPG,f315,sleeping,5d4bdf76cf0b3a0f3f337b03,family-315
f154-1.jpg,https://media.dollarstreet.org/5d4be67ecf0b3a0f3f343c71/5d4be67ecf0b3a0f3f343c71_640.jpg,f154,outside,5d4be67ecf0b3a0f3f343c71,family-154
f154-2.jpg,https://media.dollarstreet.org/5d4be67dcf0b3a0f3f343c5d/5d4be67dcf0b3a0f3f343c5d_640.jpg,f154,cooking,5d4be67dcf0b3a0f3f343c5d,family-154
f154-3.jpg,https://media.dollarstreet.org/5d4be67bcf0b3a0f3f343c19/5d4be67bcf0b3a0f3f343c19_640.jpg,f154,sleeping,5d4be67bcf0b3a0f3f343c19,family-154
f424-1.jpg,https://media.dollarstreet.org/5ec4f5e3f4a4fb7dc0387af7/5ec4f5e3f4a4fb7dc0387af7_640.JPG,f424,outside,5ec4f5e3f4a4fb7dc0387af7,family-424
f424-2.jpg,https://media.dollarstreet.org/5ec4f5d4f4a4fb7dc0387a68/5ec4f5d4f4a4fb7dc0387a68_640.JPG,f424,cooking,5ec4f5d4f4a4fb7dc0387a68,family-424
f424-3.jpg,https://media.dollarstreet.org/5ec4f5fcf4a4fb7dc0387bc8/5ec4f5fcf4a4fb7dc0387bc8_640.JPG,f424,sleeping,5ec4f5fcf4a4fb7dc0387bc8,family-424
f391-1.jpg,https://media.dollarstreet.org/5ec4f92cf0611d7ddd74151e/5ec4f92cf0611d7ddd74151e_640.jpg,f391,outside,5ec4f92cf0611d7ddd74151e,family-391
f391-2.jpg,https://media.dollarstreet.org/5ec4f926f0611d7ddd7414e9/5ec4f926f0611d7ddd7414e9_640.jpg,f391,cooking,5ec4f926f0611d7ddd7414e9,family-391
f391-3.jpg,https://media.dollarstreet.org/5ec4f930f0611d7ddd741544/5ec4f930f0611d7ddd741544_640.jpg,f391,sleeping,5ec4f930f0611d7ddd741544,family-391
f441-1.jpg,https://media.dollarstreet.org/619d2a3f9f27dacbfc5ed3bf/5b3866c2bfa54ee3440d2bd5c8a8bb9d/619d2a3f9f27dacbfc5ed3bf_640.jpg,f441,outside,619d2a3f9f27dacbfc5ed3bf,family-441
f441-2.jpg,https://media.dollarstreet.org/619e46de6a0f8b7862a264f8/d07b604df377071a5f51ab3d869d6164/619e46de6a0f8b7862a264f8_640.jpg,f441,cooking,619e46de6a0f8b7862a264f8,family-441
f441-3.jpg,https://media.dollarstreet.org/619d00cc14dd316b9dd58b6a/a522bcaf347fca8bfcf2011f1ba4c18d/619d00cc14dd316b9dd58b6a_640.jpeg,f441,sleeping,619d00cc14dd316b9dd58b6a,family-441
f331-1.jpg,https://media.dollarstreet.org/5d4bdf0acf0b3a0f3f33703d/5d4bdf0acf0b3a0f3f33703d_640.JPG,f331,outside,5d4bdf0acf0b3a0f3f33703d,family-331
f331-2.jpg,https://media.dollarstreet.org/5d4bdf0ecf0b3a0f3f33709d/5d4bdf0ecf0b3a0f3f33709d_640.JPG,f331,cooking,5d4bdf0ecf0b3a0f3f33709d,family-331
f331-3.jpg,https://media.dollarstreet.org/5d4bdf0acf0b3a0f3f337045/5d4bdf0acf0b3a0f3f337045_640.JPG,f331,sleeping,5d4bdf0acf0b3a0f3f337045,family-331
f489-1.jpg,https://media.dollarstreet.org/63e1714221c8e30e5e57f527/67b0138d085901412e3aa9765200d28a/63e1714221c8e30e5e57f527_640.jpeg,f489,outside,63e1714221c8e30e5e57f527,family-489
f489-2.jpg,https://media.dollarstreet.org/63e16f7421c8e3eb7c57f39c/e826894a5732a26eb52c6d40ac630628/63e16f7421c8e3eb7c57f39c_640.jpeg,f489,cooking,63e16f7421c8e3eb7c57f39c,family-489
f489-3.jpg,https://media.dollarstreet.org/63e170ad21c8e350f357f45f/50fb3d4e960a6b38e9bb7b7468e58a71/63e170ad21c8e350f357f45f_640.jpeg,f489,sleeping,63e170ad21c8e350f357f45f,family-489
f13-1.jpg,https://media.dollarstreet.org/5d4bf3abcf0b3a0f3f35a6c0/5d4bf3abcf0b3a0f3f35a6c0_640.jpg,f13,outside,5d4bf3abcf0b3a0f3f35a6c0,family-13
f13-2.jpg,https://media.dollarstreet.org/5d4bf3c4cf0b3a0f3f35a90a/5d4bf3c4cf0b3a0f3f35a90a_640.jpg,f13,cooking,5d4bf3c4cf0b3a0f3f35a90a,family-13
f13-3.jpg,https://media.dollarstreet.org/5d4bf3b5cf0b3a0f3f35a7c2/5d4bf3b5cf0b3a0f3f35a7c2_640.jpg,f13,sleeping,5d4bf3b5cf0b3a0f3f35a7c2,family-13
f289-1.jpg,https://media.dollarstreet.org/5d4be0bccf0b3a0f3f339c79/5d4be0bccf0b3a0f3f339c79_640.jpg,f289,outside,5d4be0bccf0b3a0f3f339c79,family-289
f289-2.jpg,https://media.dollarstreet.org/5d4be0b7cf0b3a0f3f339bdb/5d4be0b7cf0b3a0f3f339bdb_640.jpg,f289,cooking,5d4be0b7cf0b3a0f3f339bdb,family-289
f289-3.jpg,https://media.dollarstreet.org/5d4be0becf0b3a0f3f339c9d/5d4be0becf0b3a0f3f339c9d_640.jpg,f289,sleeping,5d4be0becf0b3a0f3f339c9d,family-289
f27-1.jpg,https://media.dollarstreet.org/5d4bf2f4cf0b3a0f3f359384/5d4bf2f4cf0b3a0f3f359384_640.jpg,f27,outside,5d4bf2f4cf0b3a0f3f359384,family-27
f27-2.jpg,https://media.dollarstreet.org/5d4bf30bcf0b3a0f3f35963e/5d4bf30bcf0b3a0f3f35963e_640.jpg,f27,cooking,5d4bf30bcf0b3a0f3f35963e,family-27
f27-3.jpg,https://media.dollarstreet.org/5d4bf2ffcf0b3a0f3f3594e6/5d4bf2ffcf0b3a0f3f3594e6_640.jpg,f27,sleeping,5d4bf2ffcf0b3a0f3f3594e6,family-27
f225-1.jpg,https://media.dollarstreet.org/5d4be648cf0b3a0f3f34363b/5d4be648cf0b3a0f3f34363b_640.JPG,f225,outside,5d4be648cf0b3a0f3f34363b,family-225
f225-2.jpg,https://media.dollarstreet.org/5d4be640cf0b3a0f3f34354d/5d4be640cf0b3a0f3f34354d_640.JPG,f225,cooking,5d4be640cf0b3a0f3f34354d,family-225
f225-3.jpg,https://media.dollarstreet.org/5d4be649cf0b3a0f3f343653/5d4be649cf0b3a0f3f343653_640.JPG,f225,sleeping,5d4be649cf0b3a0f3f343653,family-225
